scenario,config,world,seed,result,success,time_s,path_len_m,min_clear_m,stall_s,controller_mean_ms,controller_p95_ms,controller_max_ms,omega_sign_flips,mode_switches,assist_fraction,branch_selection_fraction,mean_ess,mean_path_error_m,max_path_error_m,reference_separation_fraction,reference_pairs,mean_reference_length_m,centreline_coverage,feasible_branch_fraction,mean_guided_modes,update_collapsed_fraction,own_drift_fraction,mean_free_energy_gap,reference_fallback_fraction
normal,shaped,4,0,success,1,21.1,9.31,0.099,0.05,176.064,284.164,361.934,7,0,0.0,0.0,89.4668292011192,0.0914,0.3691,nan,0,nan,nan,nan,nan,nan,nan,nan,0.0
normal,nominal_fb,4,0,success,1,21.1,9.31,0.099,0.05,152.859,237.945,350.83,7,0,0.0,0.0,89.4668292011192,0.0914,0.3691,nan,0,nan,nan,nan,nan,nan,nan,nan,0.1452991452991453
normal,shaped,4,1,success,1,21.15,9.27,0.104,0.05,155.925,242.958,341.5,11,0,0.0,0.0,87.6213206098489,0.0784,0.2741,nan,0,nan,nan,nan,nan,nan,nan,nan,0.0
normal,nominal_fb,4,1,success,1,21.15,9.27,0.104,0.05,158.406,254.604,410.067,11,0,0.0,0.0,87.6213206098489,0.0784,0.2741,nan,0,nan,nan,nan,nan,nan,nan,nan,0.13
normal,shaped,48,0,success,1,20.0,8.74,0.091,0.05,142.17,219.853,353.449,13,0,0.0,0.0,89.40682868445936,0.0422,0.1559,nan,0,nan,nan,nan,nan,nan,nan,nan,0.0
normal,nominal_fb,48,0,success,1,20.0,8.74,0.091,0.05,233.579,324.427,400.255,13,0,0.0,0.0,89.40682868445936,0.0422,0.1559,nan,0,nan,nan,nan,nan,nan,nan,nan,0.1443478260869565
normal,shaped,48,1,success,1,19.85,8.74,0.106,0.05,145.521,202.916,278.683,10,0,0.0,0.0,89.34082287779255,0.047,0.1392,nan,0,nan,nan,nan,nan,nan,nan,nan,0.0
normal,nominal_fb,48,1,success,1,19.85,8.74,0.106,0.05,147.49,232.153,343.671,10,0,0.0,0.0,89.34082287779255,0.047,0.1392,nan,0,nan,nan,nan,nan,nan,nan,nan,0.11578947368421053
normal,shaped,49,0,success,1,20.05,8.9,0.108,0.05,153.457,208.499,356.353,4,0,0.0,0.0,89.27270968447701,0.0567,0.1555,nan,0,nan,nan,nan,nan,nan,nan,nan,0.0
normal,nominal_fb,49,0,success,1,20.05,8.9,0.108,0.05,175.283,261.829,386.826,4,0,0.0,0.0,89.27270968447701,0.0567,0.1555,nan,0,nan,nan,nan,nan,nan,nan,nan,0.25100671140939596
normal,shaped,49,1,success,1,20.15,8.93,0.106,0.05,165.179,241.487,339.172,12,0,0.0,0.0,89.685344982626,0.0539,0.2187,nan,0,nan,nan,nan,nan,nan,nan,nan,0.0
normal,nominal_fb,49,1,success,1,20.15,8.93,0.106,0.05,173.13,262.87,340.046,12,0,0.0,0.0,89.685344982626,0.0539,0.2187,nan,0,nan,nan,nan,nan,nan,nan,nan,0.23066666666666666
blocked,shaped,4,0,success,1,22.3,9.71,0.105,0.05,152.511,221.139,288.503,9,6,1.0,0.5201793721973094,46.72377365754299,0.3791,1.1726,0.0,68,0.6229193153845292,0.26088794854792197,0.96,1.345291479820628,1.0,0.0016666666666666668,1.15469538800455,0.0
blocked,nominal_fb,4,0,success,1,21.8,9.66,0.116,0.05,160.612,254.8,408.331,10,6,1.0,0.6536697247706422,52.31054508257177,0.3651,1.1502,0.04878048780487805,123,1.0947129667280437,0.45793946292800675,0.95,1.3073394495412844,0.975609756097561,0.031578947368421054,2.7819101110479596,0.235
blocked,shaped,4,1,success,1,22.75,9.82,0.102,0.05,219.267,308.546,418.717,15,6,1.0,0.5208791208791209,48.454292517048636,0.388,1.1996,0.0,61,0.6142237651204124,0.2570711422893926,0.9428571428571428,1.3054945054945055,0.9672131147540983,0.0016835016835016834,0.9695941135720301,0.0
blocked,nominal_fb,4,1,success,1,22.1,9.77,0.1,0.05,179.031,279.517,423.58,10,6,1.0,0.665158371040724,59.55309635370294,0.3802,1.1806,0.10084033613445378,119,1.0965480926011018,0.45849353768641016,0.95,1.2895927601809956,0.9663865546218487,0.02982456140350877,2.8306867631145964,0.23333333333333334
blocked,shaped,48,0,success,1,29.0,10.43,0.104,0.6,153.385,205.401,358.227,16,6,1.0,0.7017241379310345,66.9434737254448,0.3634,0.9899,0.0,213,0.4999487550513208,0.20602940247559723,0.8330097087378641,1.4793103448275862,1.0,0.0,1.281194742944578,0.0
blocked,nominal_fb,48,0,success,1,31.3,11.15,0.112,1.1,172.925,269.027,375.461,12,7,1.0,0.8099041533546326,63.51748894077627,0.3822,0.9962,0.12335958005249344,381,0.9615010541998484,0.3507970417578268,0.9124423963133641,1.5814696485623003,0.9396325459317585,0.006060606060606061,1.898562067254962,0.3529953917050691
blocked,shaped,48,1,success,1,28.1,10.43,0.101,0.05,159.709,234.618,377.98,8,8,1.0,0.6797153024911032,61.71224781166717,0.3487,1.0282,0.0,211,0.5034081848890454,0.20834644504660296,0.8412060301507538,1.48932384341637,1.0,0.0,0.9796475946639,0.0
blocked,nominal_fb,48,1,success,1,31.1,11.07,0.107,1.1,194.965,297.494,441.033,15,7,1.0,0.8118971061093248,59.16079374273285,0.3703,0.9684,0.1640625,384,0.9518796984467028,0.34734774923796735,0.9218604651162791,1.5932475884244373,0.8567708333333334,0.012108980827447022,2.413731536487567,0.36465116279069765
blocked,shaped,49,0,success,1,26.25,9.63,0.092,0.05,177.124,284.987,391.819,12,7,1.0,0.3904761904761905,67.34290080228148,0.2311,0.7232,0.0,501,0.4733074964440288,0.1965028332755667,0.9018018018018018,1.9066666666666667,0.9800399201596807,0.0,0.4307579202960134,0.0
blocked,nominal_fb,49,0,success,1,22.5,9.71,0.105,0.05,163.839,230.873,375.093,10,7,1.0,0.6955555555555556,53.404007077153864,0.238,0.9128,0.3934782608695652,460,0.9403367972556638,0.3922645520199922,0.9438202247191011,1.8666666666666667,0.7869565217391304,0.05476190476190476,1.0914499946409815,0.35842696629213483
blocked,shaped,49,1,success,1,26.4,9.64,0.082,0.05,169.938,249.06,404.103,16,12,1.0,0.48863636363636365,68.56475339805228,0.2211,0.6482,0.0,463,0.46004335506382465,0.19217209143104502,0.8751131221719457,1.831439393939394,0.9848812095032398,0.0,0.4826780212276766,0.0
blocked,nominal_fb,49,1,success,1,21.7,9.34,0.103,0.05,292.52,403.943,455.354,12,5,1.0,0.7373271889400922,49.92514292275854,0.2021,0.6696,0.2828282828282828,396,0.9084464865526763,0.38094720689954387,0.9341317365269461,1.7972350230414746,0.7373737373737373,0.041025641025641026,1.3897687968576578,0.37005988023952097
dynamic,shaped,4,0,success,1,21.15,9.33,0.103,0.05,187.119,271.668,390.404,17,3,0.26004728132387706,0.026004728132387706,31.792034227720023,0.0958,0.3378,0.0,126,0.3143350774715662,0.13746472723300152,0.9487179487179487,1.6818181818181819,1.0,0.0,0.9797225772447287,0.0
dynamic,nominal_fb,4,0,success,1,21.0,9.3,0.11,0.05,194.519,269.741,372.277,17,8,0.2619047619047619,0.1619047619047619,32.8788333312181,0.0814,0.294,0.25196850393700787,127,1.0951784202113921,0.47450355291878915,0.8972972972972973,1.509090909090909,0.7007874015748031,0.05421686746987952,1.8599322337230655,0.22857142857142856
dynamic,shaped,4,1,success,1,33.7,11.71,0.009,2.05,189.18,273.879,452.46,15,10,0.34421364985163205,0.19732937685459942,79.76305880883781,0.497,1.73,0.0,249,0.22169767103288596,0.08992733333611354,0.8303249097472925,1.9827586206896552,1.0,0.0,0.775954158436944,0.0
dynamic,nominal_fb,4,1,success,1,26.95,10.28,0.104,0.15,211.618,372.058,489.955,13,8,0.28014842300556586,0.22634508348794063,67.06712371461651,0.652,1.8008,0.25280898876404495,178,0.6852438258595059,0.2899425450524089,0.9087947882736156,1.8476821192052981,0.7865168539325843,0.0967741935483871,2.0650457888095763,0.5542056074766355
dynamic,shaped,48,0,collision,0,6.45,2.22,-0.007,0.7,190.54,243.419,286.324,3,2,0.7596899224806202,0.21705426356589147,49.34791845892739,0.2236,0.5353,0.0,155,0.3087053486671048,0.12839680080045926,0.8503401360544217,2.5510204081632653,1.0,0.0,1.5128136863459116,0.0
dynamic,nominal_fb,48,0,success,1,21.15,9.49,0.056,0.05,195.515,325.022,408.243,10,7,0.43498817966903075,0.21513002364066194,52.07734759198187,0.1131,0.5904,0.41081081081081083,185,1.15511681286196,0.49799491347879943,0.9125874125874126,1.4184782608695652,0.8054054054054054,0.13409961685823754,1.1926936669159853,0.25314685314685315
dynamic,shaped,48,1,success,1,20.15,8.86,0.021,0.05,171.111,248.49,313.239,14,4,0.10421836228287841,0.07444168734491315,40.51202376359489,0.0894,0.3298,0.0,23,0.3870857710014428,0.13940565711021716,0.7319587628865979,1.6904761904761905,1.0,0.0,1.7662244830290665,0.0
dynamic,nominal_fb,48,1,success,1,19.85,8.84,0.021,0.05,186.618,292.007,357.405,12,4,0.10075566750629723,0.0906801007556675,37.780714877757845,0.0769,0.3074,0.6712328767123288,73,1.364623671445267,0.49826591310579155,1.0,2.275,0.8356164383561644,0.3956043956043956,2.581762193721276,0.18985507246376812
dynamic,shaped,49,0,success,1,23.15,9.49,0.101,0.1,183.26,270.798,350.348,9,4,0.37365010799136067,0.08639308855291576,33.697968921221516,0.151,0.6954,0.0,181,0.27734520882314373,0.11980086152580555,0.8302583025830258,1.300578034682081,1.0,0.0,1.546494883643977,0.0
dynamic,nominal_fb,49,0,success,1,22.7,9.41,0.094,0.1,170.013,225.144,323.942,10,2,0.3634361233480176,0.14096916299559473,34.55146215651566,0.1325,0.6245,0.24056603773584906,212,0.8568588860414167,0.35658043585997,0.8705035971223022,1.4666666666666666,0.9528301886792453,0.2024793388429752,0.27987453915553395,0.3885416666666667
dynamic,shaped,49,1,success,1,23.7,9.9,0.087,0.05,283.399,361.593,455.058,14,10,0.6983122362869199,0.35443037974683544,40.0191053589579,0.1754,0.836,0.0,420,0.33530263194413784,0.13850430870948793,0.8826219512195121,1.7492447129909365,1.0,0.0,1.2163035309390409,0.0
dynamic,nominal_fb,49,1,success,1,22.55,9.72,0.106,0.05,177.784,244.507,404.137,10,9,0.6762749445676275,0.3858093126385809,42.82463924594994,0.2015,0.7642,0.11650485436893204,412,0.6860088851830538,0.2863580264478234,0.8950819672131147,1.7901639344262295,0.8810679611650486,0.040293040293040296,1.730039993680857,0.49637305699481865
dynamic_blocked,shaped,4,0,success,1,22.35,9.74,0.09,0.1,163.101,237.621,404.443,11,11,1.0,0.5212527964205816,32.68770948275617,0.4052,1.1843,0.0,354,0.4075927488224335,0.17295253888157583,0.9661971830985916,1.534675615212528,0.9858757062146892,0.0,1.1824242213588545,0.0
dynamic_blocked,nominal_fb,4,0,success,1,21.5,9.6,0.095,0.1,166.18,267.899,389.878,8,9,1.0,0.6302325581395349,37.82950715408639,0.388,1.106,0.3037037037037037,405,1.0615531063512855,0.4519380901733072,0.9544117647058824,1.5093023255813953,0.8123456790123457,0.01848998459167951,3.716030950747613,0.27058823529411763
dynamic_blocked,shaped,4,1,success,1,28.05,10.79,0.091,0.1,162.139,217.018,384.403,16,16,1.0,0.5508021390374331,29.680081927292278,0.6071,1.1604,0.0,705,0.2739046551034987,0.11210951405758698,0.8767123287671232,1.7112299465240641,0.9631205673758865,0.0020833333333333333,2.270468997533806,0.0
dynamic_blocked,nominal_fb,4,1,collision,0,9.85,3.77,-0.013,0.05,180.41,227.078,500.048,3,5,1.0,0.934010152284264,21.665058721085064,0.5158,1.0624,0.288,500,0.9352892076280953,0.3519235463445202,0.9052453468697124,2.715736040609137,0.768,0.014953271028037384,1.2346571192693765,0.35194585448392557
dynamic_blocked,shaped,48,0,collision,0,6.5,2.2,-0.001,0.65,196.299,310.279,358.332,3,3,1.0,0.4076923076923077,42.47648965217243,0.2166,0.5168,0.0,114,0.46610981403044305,0.19249115032532263,0.824,2.376923076923077,1.0,0.0,0.35639192527233915,0.0
dynamic_blocked,nominal_fb,48,0,success,1,21.8,9.69,0.063,0.1,177.139,279.129,430.147,7,8,1.0,0.6880733944954128,52.0642452216549,0.4361,0.9608,0.2899628252788104,269,1.006756378494006,0.4315676765494578,0.832,1.4311926605504588,0.862453531598513,0.05448717948717949,2.485469104212766,0.2826666666666667
dynamic_blocked,shaped,48,1,success,1,37.65,12.02,0.099,2.4,150.567,242.425,348.295,18,16,1.0,0.6334661354581673,65.42408077686518,0.408,0.9534,0.0,694,0.39259621483215135,0.15912020207346425,0.8607594936708861,1.8061088977423638,0.9985590778097982,0.0007352941176470588,0.9587374428511553,0.0
dynamic_blocked,nominal_fb,48,1,success,1,22.6,10.1,0.08,0.05,160.541,265.719,369.459,7,7,1.0,0.7013274336283186,47.62743073573459,0.4519,0.9917,0.2708333333333333,384,1.0558335675714614,0.4229839664666642,0.8944099378881988,1.592920353982301,0.7604166666666666,0.041666666666666664,3.469362561112866,0.26583850931677017
dynamic_blocked,shaped,49,0,success,1,24.6,9.86,0.097,0.1,145.277,204.959,269.903,11,13,1.0,0.46747967479674796,44.59647026964421,0.3978,1.1302,0.0,634,0.3904385150719071,0.1637333423627712,0.895,1.8191056910569106,1.0,0.0,1.0171431840193261,0.0
dynamic_blocked,nominal_fb,49,0,success,1,21.45,9.43,0.093,0.1,155.361,219.934,387.148,9,10,1.0,0.7156177156177156,40.23202097879878,0.3557,0.8503,0.3265625,640,0.8924924265482597,0.37889212394410876,0.8853932584269663,1.8368298368298368,0.8046875,0.04568527918781726,1.602181794935061,0.38202247191011235
dynamic_blocked,shaped,49,1,collision,0,6.95,2.32,-0.009,0.45,180.092,255.337,350.436,6,3,1.0,0.8057553956834532,25.546155139878678,0.0172,0.0414,0.0,311,0.3103060694074502,0.13323871747979998,0.9138381201044387,2.5179856115107913,1.0,0.0,0.2134129414876694,0.0
dynamic_blocked,nominal_fb,49,1,collision,0,6.75,2.35,-0.008,0.4,167.956,210.133,273.553,10,3,1.0,0.5185185185185185,22.60095285447054,0.0218,0.0669,0.2783171521035599,309,0.6068539037776012,0.25896942932185485,0.9131578947368421,2.5703703703703704,0.7993527508090615,0.002881844380403458,0.664493505142568,0.6394736842105263
