n,seed,condition,motion,result,success,min_clear_m,time_s,path_len_m,controller_mean_ms,blob_active_cycles,blob_cycles,blob_routes,blob_infeasible,blob_mean_ms,modes_added
10,0,base,waypoint,success,1,0.401,22.65,10.12,357.234,0,0,0,0,0.0,0
10,0,modes,waypoint,success,1,0.401,22.7,10.11,313.789,0,0,0,0,0.0,86
10,0,blob_extras,waypoint,success,1,0.401,22.65,10.12,353.105,0,453,0,0,27.098,0
10,0,blob_pods,waypoint,success,1,0.401,22.65,10.12,322.462,0,453,0,0,23.505,0
10,1,base,waypoint,success,1,0.233,26.0,11.23,352.936,0,0,0,0,0.0,0
10,1,modes,waypoint,success,1,0.21,25.65,11.07,341.228,0,0,0,0,0.0,76
10,1,blob_extras,waypoint,success,1,0.233,26.0,11.23,418.225,0,520,0,0,29.973,0
10,1,blob_pods,waypoint,success,1,0.233,26.0,11.23,337.956,0,520,0,0,23.892,0
10,2,base,waypoint,success,1,0.217,30.7,10.89,346.287,0,0,0,0,0.0,0
10,2,modes,waypoint,success,1,0.215,30.6,10.81,372.677,0,0,0,0,0.0,32
10,2,blob_extras,waypoint,success,1,0.217,31.1,10.91,377.343,35,622,70,25,27.942,0
10,2,blob_pods,waypoint,success,1,0.191,30.8,10.72,378.055,39,616,117,56,28.525,0
10,3,base,waypoint,success,1,0.168,31.75,11.87,282.841,0,0,0,0,0.0,0
10,3,modes,waypoint,success,1,0.18,31.55,12.01,384.007,0,0,0,0,0.0,112
10,3,blob_extras,waypoint,success,1,0.179,33.4,11.4,459.445,85,668,170,93,34.545,0
10,3,blob_pods,waypoint,success,1,0.116,35.1,12.37,297.023,120,702,360,176,18.821,0
10,4,base,waypoint,success,1,0.191,31.3,12.03,285.206,0,0,0,0,0.0,0
10,4,modes,waypoint,success,1,0.129,30.25,11.91,357.995,0,0,0,0,0.0,106
10,4,blob_extras,waypoint,success,1,0.124,35.6,13.41,363.014,215,712,430,129,25.108,0
10,4,blob_pods,waypoint,success,1,0.171,33.45,12.81,394.826,115,669,345,144,28.39,0
10,5,base,waypoint,success,1,0.145,24.3,10.78,296.813,0,0,0,0,0.0,0
10,5,modes,waypoint,success,1,0.145,24.4,10.82,386.075,0,0,0,0,0.0,64
10,5,blob_extras,waypoint,success,1,0.145,24.3,10.78,310.197,0,486,0,0,22.517,0
10,5,blob_pods,waypoint,success,1,0.145,24.3,10.78,359.018,0,486,0,0,28.738,0
10,6,base,waypoint,success,1,0.112,30.85,11.87,374.923,0,0,0,0,0.0,0
10,6,modes,waypoint,success,1,0.121,25.45,10.9,320.659,0,0,0,0,0.0,225
10,6,blob_extras,waypoint,success,1,0.112,26.05,11.02,329.047,171,521,342,46,22.186,0
10,6,blob_pods,waypoint,success,1,0.118,26.1,11.12,348.627,121,522,357,25,24.336,0
10,7,base,waypoint,success,1,0.119,26.35,11.38,348.093,0,0,0,0,0.0,0
10,7,modes,waypoint,success,1,0.121,26.15,11.11,375.388,0,0,0,0,0.0,220
10,7,blob_extras,waypoint,success,1,0.119,26.35,11.38,323.172,0,527,0,0,20.834,0
10,7,blob_pods,waypoint,success,1,0.119,26.35,11.38,372.823,0,527,0,0,27.413,0
10,8,base,waypoint,success,1,0.153,28.85,12.45,410.302,0,0,0,0,0.0,0
10,8,modes,waypoint,success,1,0.118,28.9,12.54,460.556,0,0,0,0,0.0,214
10,8,blob_extras,waypoint,success,1,0.063,36.65,15.49,257.188,149,733,298,56,17.092,0
10,8,blob_pods,waypoint,success,1,0.075,36.8,15.18,334.603,135,736,403,68,24.703,0
10,9,base,waypoint,success,1,0.249,24.1,10.56,356.719,0,0,0,0,0.0,0
10,9,modes,waypoint,success,1,0.225,23.9,10.48,274.299,0,0,0,0,0.0,48
10,9,blob_extras,waypoint,success,1,0.249,24.1,10.56,352.402,0,482,0,0,26.644,0
10,9,blob_pods,waypoint,success,1,0.249,24.1,10.56,337.243,0,482,0,0,23.777,0
10,10,base,waypoint,success,1,0.142,23.95,10.49,319.587,0,0,0,0,0.0,0
10,10,modes,waypoint,success,1,0.154,24.0,10.47,310.091,0,0,0,0,0.0,24
10,10,blob_extras,waypoint,success,1,0.151,24.05,10.51,324.582,31,481,52,15,23.63,0
10,10,blob_pods,waypoint,success,1,0.181,24.7,10.87,289.739,21,494,54,12,19.652,0
10,11,base,waypoint,success,1,0.196,35.3,12.01,271.98,0,0,0,0,0.0,0
10,11,modes,waypoint,success,1,0.15,35.4,12.08,289.93,0,0,0,0,0.0,86
10,11,blob_extras,waypoint,success,1,0.145,28.55,11.42,318.568,58,571,116,55,22.192,0
10,11,blob_pods,waypoint,success,1,0.124,29.4,11.41,452.995,76,588,228,115,35.358,0
10,12,base,waypoint,success,1,0.128,30.95,12.64,248.042,0,0,0,0,0.0,0
10,12,modes,waypoint,success,1,0.115,30.05,11.9,425.962,0,0,0,0,0.0,120
10,12,blob_extras,waypoint,success,1,0.128,29.85,12.0,373.975,154,597,308,86,24.057,0
10,12,blob_pods,waypoint,success,1,0.145,29.75,11.67,437.976,154,595,462,151,30.385,0
10,13,base,waypoint,success,1,0.146,33.15,13.08,284.418,0,0,0,0,0.0,0
10,13,modes,waypoint,success,1,0.17,32.65,12.08,290.551,0,0,0,0,0.0,258
10,13,blob_extras,waypoint,success,1,0.141,32.1,12.61,414.921,70,642,140,20,28.745,0
10,13,blob_pods,waypoint,success,1,0.147,31.5,12.34,447.343,70,630,210,32,34.327,0
10,14,base,waypoint,success,1,0.161,29.15,11.64,378.07,0,0,0,0,0.0,0
10,14,modes,waypoint,success,1,0.161,29.15,11.64,269.394,0,0,0,0,0.0,0
10,14,blob_extras,waypoint,success,1,0.161,29.15,11.64,321.446,0,583,0,0,24.664,0
10,14,blob_pods,waypoint,success,1,0.161,29.15,11.64,317.58,0,583,0,0,23.379,0
10,15,base,waypoint,success,1,0.186,24.25,10.78,278.406,0,0,0,0,0.0,0
10,15,modes,waypoint,success,1,0.111,24.85,10.96,289.524,0,0,0,0,0.0,168
10,15,blob_extras,waypoint,success,1,0.154,24.25,10.77,254.99,28,485,56,7,16.119,0
10,15,blob_pods,waypoint,success,1,0.198,24.35,10.78,311.078,29,487,87,30,21.283,0
10,16,base,waypoint,success,1,0.13,23.15,10.32,376.22,0,0,0,0,0.0,0
10,16,modes,waypoint,success,1,0.147,23.35,10.37,318.534,0,0,0,0,0.0,22
10,16,blob_extras,waypoint,success,1,0.13,23.15,10.32,430.307,0,463,0,0,39.035,0
10,16,blob_pods,waypoint,success,1,0.13,23.15,10.32,415.948,0,463,0,0,36.662,0
10,17,base,waypoint,success,1,0.142,34.35,14.29,339.926,0,0,0,0,0.0,0
10,17,modes,waypoint,success,1,0.142,34.35,14.29,334.728,0,0,0,0,0.0,74
10,17,blob_extras,waypoint,success,1,0.157,26.65,11.61,321.118,89,533,172,36,22.565,0
10,17,blob_pods,waypoint,success,1,0.132,26.4,11.57,278.466,96,528,288,84,18.322,0
10,18,base,waypoint,success,1,0.206,27.75,11.97,385.484,0,0,0,0,0.0,0
10,18,modes,waypoint,success,1,0.208,26.65,11.5,269.498,0,0,0,0,0.0,64
10,18,blob_extras,waypoint,success,1,0.161,24.1,10.68,287.466,30,482,60,7,21.962,0
10,18,blob_pods,waypoint,success,1,0.167,25.05,11.0,400.828,29,501,87,7,31.631,0
10,19,base,waypoint,success,1,0.348,24.9,10.99,362.831,0,0,0,0,0.0,0
10,19,modes,waypoint,success,1,0.348,25.05,11.08,302.241,0,0,0,0,0.0,48
10,19,blob_extras,waypoint,success,1,0.348,24.9,10.99,250.178,0,498,0,0,15.809,0
10,19,blob_pods,waypoint,success,1,0.348,24.9,10.99,440.381,0,498,0,0,34.559,0
20,0,base,waypoint,success,1,0.104,25.6,11.25,375.22,0,0,0,0,0.0,0
20,0,modes,waypoint,success,1,0.1,25.85,11.31,444.609,0,0,0,0,0.0,56
20,0,blob_extras,waypoint,success,1,0.102,25.6,11.25,311.935,2,512,4,0,21.086,0
20,0,blob_pods,waypoint,success,1,0.102,25.6,11.25,297.283,2,512,6,0,19.555,0
20,1,base,waypoint,success,1,0.125,25.25,10.58,450.604,0,0,0,0,0.0,0
20,1,modes,waypoint,success,1,0.14,25.25,10.59,401.853,0,0,0,0,0.0,30
20,1,blob_extras,waypoint,success,1,0.147,25.15,10.52,322.749,10,503,20,5,20.647,0
20,1,blob_pods,waypoint,success,1,0.125,25.25,10.58,342.115,10,505,30,8,23.36,0
20,2,base,waypoint,timeout,0,0.123,60.0,17.45,279.792,0,0,0,0,0.0,0
20,2,modes,waypoint,collision,0,-0.006,50.5,14.51,428.815,0,0,0,0,0.0,344
20,2,blob_extras,waypoint,collision,0,-0.004,49.55,14.47,397.783,551,991,948,246,20.542,0
20,2,blob_pods,waypoint,collision,0,-0.006,50.4,14.46,479.078,666,1008,1988,576,23.007,0
20,3,base,waypoint,success,1,0.132,30.7,11.85,274.501,0,0,0,0,0.0,0
20,3,modes,waypoint,success,1,0.099,38.7,13.18,481.475,0,0,0,0,0.0,122
20,3,blob_extras,waypoint,success,1,0.13,31.85,12.91,362.865,143,637,286,81,21.695,0
20,3,blob_pods,waypoint,success,1,0.189,28.85,12.23,504.951,75,577,225,48,34.844,0
20,4,base,waypoint,timeout,0,0.116,60.0,16.86,310.698,0,0,0,0,0.0,0
20,4,modes,waypoint,timeout,0,0.11,60.0,17.34,364.907,0,0,0,0,0.0,224
20,4,blob_extras,waypoint,timeout,0,0.119,60.0,17.39,370.595,342,1200,668,254,24.694,0
20,4,blob_pods,waypoint,timeout,0,0.125,60.0,17.56,328.285,569,1200,1699,442,19.448,0
20,5,base,waypoint,success,1,0.13,34.05,13.34,280.37,0,0,0,0,0.0,0
20,5,modes,waypoint,success,1,0.104,36.35,14.03,361.981,0,0,0,0,0.0,146
20,5,blob_extras,waypoint,success,1,0.16,36.75,13.68,438.351,162,735,306,101,29.912,0
20,5,blob_pods,waypoint,success,1,0.125,29.85,12.29,430.653,116,597,346,172,29.332,0
20,6,base,waypoint,success,1,0.049,33.15,12.61,327.495,0,0,0,0,0.0,0
20,6,modes,waypoint,success,1,0.114,34.85,12.66,389.08,0,0,0,0,0.0,118
20,6,blob_extras,waypoint,success,1,0.077,41.15,13.7,397.295,198,823,370,141,25.886,0
20,6,blob_pods,waypoint,success,1,0.123,39.8,13.67,384.837,194,796,570,242,26.031,0
20,7,base,waypoint,success,1,0.053,35.85,13.26,435.242,0,0,0,0,0.0,0
20,7,modes,waypoint,success,1,0.052,39.7,14.63,415.872,0,0,0,0,0.0,182
20,7,blob_extras,waypoint,success,1,0.142,37.65,14.33,454.684,330,753,660,125,27.55,0
20,7,blob_pods,waypoint,success,1,0.08,35.7,12.88,464.229,337,714,965,232,28.075,0
20,8,base,waypoint,success,1,0.128,38.3,14.09,326.904,0,0,0,0,0.0,0
20,8,modes,waypoint,success,1,0.138,40.05,14.33,418.613,0,0,0,0,0.0,114
20,8,blob_extras,waypoint,success,1,0.136,40.25,13.91,363.259,205,805,400,241,20.53,0
20,8,blob_pods,waypoint,success,1,0.129,40.2,14.24,372.363,237,804,660,333,22.348,0
20,9,base,waypoint,success,1,0.187,38.75,12.67,402.929,0,0,0,0,0.0,0
20,9,modes,waypoint,success,1,0.169,32.45,12.01,387.938,0,0,0,0,0.0,118
20,9,blob_extras,waypoint,success,1,0.128,38.95,13.6,391.66,159,779,304,192,23.76,0
20,9,blob_pods,waypoint,success,1,0.138,32.3,11.92,406.659,129,646,387,122,24.313,0
20,10,base,waypoint,success,1,0.084,44.35,14.37,408.581,0,0,0,0,0.0,0
20,10,modes,waypoint,success,1,0.067,44.85,13.81,460.953,0,0,0,0,0.0,162
20,10,blob_extras,waypoint,success,1,0.093,34.35,12.39,405.107,136,687,272,130,24.241,0
20,10,blob_pods,waypoint,success,1,0.142,33.6,12.1,427.599,103,672,309,91,26.779,0
20,11,base,waypoint,success,1,0.054,42.45,16.24,362.794,0,0,0,0,0.0,0
20,11,modes,waypoint,success,1,0.163,42.35,16.13,393.941,0,0,0,0,0.0,58
20,11,blob_extras,waypoint,success,1,0.143,41.75,14.99,406.658,247,835,494,213,26.456,0
20,11,blob_pods,waypoint,collision,0,-0.005,22.9,7.19,385.72,111,458,331,203,24.721,0
20,12,base,waypoint,success,1,0.124,28.65,11.35,367.717,0,0,0,0,0.0,0
20,12,modes,waypoint,success,1,0.122,27.45,11.21,437.137,0,0,0,0,0.0,184
20,12,blob_extras,waypoint,success,1,0.122,28.35,11.25,429.395,40,567,80,24,29.714,0
20,12,blob_pods,waypoint,success,1,0.148,28.4,11.38,370.756,40,568,120,26,22.841,0
20,13,base,waypoint,collision,0,-0.005,34.9,10.98,406.018,0,0,0,0,0.0,0
20,13,modes,waypoint,success,1,0.134,34.4,12.3,441.754,0,0,0,0,0.0,282
20,13,blob_extras,waypoint,success,1,0.164,34.65,12.79,418.147,61,693,122,61,24.524,0
20,13,blob_pods,waypoint,success,1,0.136,43.35,15.34,427.542,226,867,662,217,23.735,0
20,14,base,waypoint,success,1,0.206,22.7,10.17,376.372,0,0,0,0,0.0,0
20,14,modes,waypoint,success,1,0.183,22.7,10.17,411.715,0,0,0,0,0.0,135
20,14,blob_extras,waypoint,success,1,0.206,22.7,10.17,442.25,0,454,0,0,30.737,0
20,14,blob_pods,waypoint,success,1,0.206,22.7,10.17,423.9,0,454,0,0,29.773,0
20,15,base,waypoint,success,1,0.1,34.2,12.31,385.232,0,0,0,0,0.0,0
20,15,modes,waypoint,success,1,0.126,39.95,13.47,416.53,0,0,0,0,0.0,210
20,15,blob_extras,waypoint,success,1,0.138,40.0,13.83,423.794,270,800,522,215,25.383,0
20,15,blob_pods,waypoint,success,1,0.109,34.2,12.75,434.136,146,684,436,150,28.039,0
20,16,base,waypoint,success,1,0.114,24.75,10.58,370.819,0,0,0,0,0.0,0
20,16,modes,waypoint,success,1,0.126,24.95,10.6,402.277,0,0,0,0,0.0,170
20,16,blob_extras,waypoint,success,1,0.138,24.65,10.55,367.866,70,493,140,42,22.939,0
20,16,blob_pods,waypoint,success,1,0.15,24.95,10.59,447.146,75,499,224,54,30.342,0
20,17,base,waypoint,collision,0,-0.016,18.8,6.34,383.487,0,0,0,0,0.0,0
20,17,modes,waypoint,collision,0,-0.01,19.4,6.86,395.682,0,0,0,0,0.0,100
20,17,blob_extras,waypoint,collision,0,-0.013,19.35,7.14,453.012,194,387,388,129,30.378,0
20,17,blob_pods,waypoint,success,1,0.106,37.9,13.08,404.059,227,758,622,261,22.016,0
20,18,base,waypoint,collision,0,-0.004,23.35,5.1,303.624,0,0,0,0,0.0,0
20,18,modes,waypoint,collision,0,-0.001,24.05,5.67,378.254,0,0,0,0,0.0,76
20,18,blob_extras,waypoint,collision,0,-0.001,23.65,5.77,390.785,128,473,238,60,23.075,0
20,18,blob_pods,waypoint,collision,0,-0.008,23.3,5.15,331.842,81,466,225,104,18.359,0
20,19,base,waypoint,success,1,0.119,36.25,12.71,375.075,0,0,0,0,0.0,0
20,19,modes,waypoint,success,1,0.124,36.55,13.5,373.094,0,0,0,0,0.0,258
20,19,blob_extras,waypoint,collision,0,-0.008,18.5,4.93,302.585,223,370,424,214,15.568,0
20,19,blob_pods,waypoint,success,1,0.122,35.05,12.48,405.001,266,701,775,257,23.553,0
30,0,base,waypoint,success,1,0.099,56.95,18.22,369.022,0,0,0,0,0.0,0
30,0,modes,waypoint,success,1,0.132,40.0,15.32,505.392,0,0,0,0,0.0,182
30,0,blob_extras,waypoint,success,1,0.096,37.3,13.87,395.948,272,746,544,212,22.179,0
30,0,blob_pods,waypoint,success,1,0.135,40.9,16.06,427.695,288,818,853,324,23.257,0
30,1,base,waypoint,collision,0,-0.003,45.15,13.03,549.621,0,0,0,0,0.0,0
30,1,modes,waypoint,collision,0,-0.004,47.4,14.14,478.301,0,0,0,0,0.0,208
30,1,blob_extras,waypoint,collision,0,-0.017,45.05,13.79,484.04,314,901,616,230,24.512,0
30,1,blob_pods,waypoint,collision,0,-0.007,44.95,12.79,506.317,324,899,927,327,25.086,0
30,2,base,waypoint,collision,0,-0.007,44.6,13.28,375.141,0,0,0,0,0.0,0
30,2,modes,waypoint,collision,0,-0.011,54.15,17.65,488.742,0,0,0,0,0.0,494
30,2,blob_extras,waypoint,collision,0,-0.003,36.4,10.43,452.866,316,728,622,252,23.733,0
30,2,blob_pods,waypoint,collision,0,-0.003,44.55,13.21,416.092,298,891,755,370,21.891,0
30,3,base,waypoint,success,1,0.114,36.3,13.07,485.565,0,0,0,0,0.0,0
30,3,modes,waypoint,success,1,0.181,39.5,13.57,461.226,0,0,0,0,0.0,158
30,3,blob_extras,waypoint,success,1,0.101,38.9,15.03,483.15,218,778,426,184,25.115,0
30,3,blob_pods,waypoint,success,1,0.132,35.85,12.94,507.916,116,717,348,176,28.05,0
30,4,base,waypoint,success,1,0.143,40.05,13.02,436.178,0,0,0,0,0.0,0
30,4,modes,waypoint,success,1,0.128,39.85,13.29,451.216,0,0,0,0,0.0,124
30,4,blob_extras,waypoint,success,1,0.099,51.65,13.77,507.445,299,1033,534,322,26.931,0
30,4,blob_pods,waypoint,success,1,0.129,38.75,12.38,453.588,204,775,596,193,25.819,0
30,5,base,waypoint,success,1,0.101,33.45,13.82,354.629,0,0,0,0,0.0,0
30,5,modes,waypoint,success,1,0.047,35.25,15.02,501.422,0,0,0,0,0.0,292
30,5,blob_extras,waypoint,success,1,0.023,33.4,14.01,410.862,175,668,318,101,23.79,0
30,5,blob_pods,waypoint,success,1,0.019,34.25,14.47,373.312,168,685,476,197,20.134,0
30,6,base,waypoint,success,1,0.018,49.15,18.02,362.599,0,0,0,0,0.0,0
30,6,modes,waypoint,collision,0,-0.007,14.9,3.98,456.612,0,0,0,0,0.0,4
30,6,blob_extras,waypoint,collision,0,-0.008,19.95,6.16,403.78,266,399,484,199,19.983,0
30,6,blob_pods,waypoint,collision,0,-0.006,19.75,6.25,355.483,266,395,711,363,16.248,0
30,7,base,waypoint,timeout,0,0.084,60.0,13.99,439.731,0,0,0,0,0.0,0
30,7,modes,waypoint,timeout,0,0.121,60.0,18.71,420.673,0,0,0,0,0.0,304
30,7,blob_extras,waypoint,timeout,0,0.122,60.0,13.85,493.154,608,1200,1194,291,30.372,0
30,7,blob_pods,waypoint,timeout,0,0.129,60.0,15.79,453.091,560,1200,1655,319,27.187,0
30,8,base,waypoint,collision,0,-0.0,8.0,2.79,495.861,0,0,0,0,0.0,0
30,8,modes,waypoint,collision,0,-0.004,7.75,2.74,412.658,0,0,0,0,0.0,108
30,8,blob_extras,waypoint,collision,0,-0.008,8.0,2.77,418.637,41,160,72,66,18.64,0
30,8,blob_pods,waypoint,collision,0,-0.008,8.05,2.84,400.178,43,161,103,98,18.685,0
30,9,base,waypoint,success,1,0.038,40.55,14.78,381.167,0,0,0,0,0.0,0
30,9,modes,waypoint,success,1,0.012,40.8,14.69,435.116,0,0,0,0,0.0,480
30,9,blob_extras,waypoint,success,1,0.038,41.35,13.87,415.942,349,827,660,216,20.992,0
30,9,blob_pods,waypoint,success,1,0.004,40.75,14.42,419.114,327,815,924,238,19.754,0
30,10,base,waypoint,success,1,0.068,51.7,19.61,356.966,0,0,0,0,0.0,0
30,10,modes,waypoint,success,1,0.06,49.4,18.22,452.562,0,0,0,0,0.0,186
30,10,blob_extras,waypoint,success,1,0.103,54.4,17.94,432.401,544,1088,1066,291,23.739,0
30,10,blob_pods,waypoint,success,1,0.11,49.4,18.17,403.242,432,988,1250,572,20.971,0
30,11,base,waypoint,success,1,0.114,35.7,12.42,426.035,0,0,0,0,0.0,0
30,11,modes,waypoint,success,1,0.137,35.65,13.01,477.525,0,0,0,0,0.0,202
30,11,blob_extras,waypoint,success,1,0.131,36.35,12.69,440.197,211,727,402,146,25.727,0
30,11,blob_pods,waypoint,success,1,0.104,35.55,13.33,432.32,191,711,543,211,24.681,0
30,12,base,waypoint,success,1,0.115,40.8,16.28,404.22,0,0,0,0,0.0,0
30,12,modes,waypoint,success,1,0.115,35.5,15.14,401.187,0,0,0,0,0.0,274
30,12,blob_extras,waypoint,success,1,0.114,39.25,16.23,407.115,217,785,430,199,23.452,0
30,12,blob_pods,waypoint,success,1,0.088,39.15,16.38,468.793,209,783,587,319,30.777,0
30,13,base,waypoint,collision,0,-0.008,17.85,5.32,386.329,0,0,0,0,0.0,0
30,13,modes,waypoint,success,1,0.102,37.95,13.63,408.49,0,0,0,0,0.0,215
30,13,blob_extras,waypoint,success,1,0.102,38.2,13.72,448.563,309,764,598,248,23.221,0
30,13,blob_pods,waypoint,success,1,0.139,38.5,14.11,410.631,291,770,846,327,21.315,0
30,14,base,waypoint,collision,0,-0.007,36.0,8.39,420.391,0,0,0,0,0.0,0
30,14,modes,waypoint,timeout,0,0.021,60.0,15.11,503.796,0,0,0,0,0.0,358
30,14,blob_extras,waypoint,success,1,0.007,53.2,16.6,444.376,518,1064,986,387,22.014,0
30,14,blob_pods,waypoint,collision,0,-0.002,37.15,9.03,464.392,503,743,1380,505,21.468,0
30,15,base,waypoint,success,1,0.143,36.4,12.9,435.987,0,0,0,0,0.0,0
30,15,modes,waypoint,success,1,0.132,36.6,12.99,465.145,0,0,0,0,0.0,214
30,15,blob_extras,waypoint,success,1,0.156,37.15,12.76,419.65,124,743,248,51,26.026,0
30,15,blob_pods,waypoint,success,1,0.118,36.35,12.84,469.908,122,727,352,86,29.234,0
30,16,base,waypoint,collision,0,-0.003,17.8,6.31,395.326,0,0,0,0,0.0,0
30,16,modes,waypoint,success,1,0.029,47.0,17.05,398.884,0,0,0,0,0.0,286
30,16,blob_extras,waypoint,collision,0,-0.004,32.5,11.96,436.335,145,650,282,194,21.584,0
30,16,blob_pods,waypoint,success,1,0.025,34.45,13.53,445.265,157,689,460,323,23.984,0
30,17,base,waypoint,success,1,0.052,50.55,14.77,373.797,0,0,0,0,0.0,0
30,17,modes,waypoint,success,1,0.05,53.1,15.74,418.986,0,0,0,0,0.0,164
30,17,blob_extras,waypoint,success,1,0.114,51.4,17.95,434.038,247,1028,494,101,25.0,0
30,17,blob_pods,waypoint,success,1,0.046,52.2,15.95,379.913,287,1044,835,212,20.426,0
30,18,base,waypoint,success,1,0.154,35.2,14.49,375.085,0,0,0,0,0.0,0
30,18,modes,waypoint,success,1,0.016,48.05,16.27,424.105,0,0,0,0,0.0,140
30,18,blob_extras,waypoint,collision,0,-0.003,13.75,4.74,448.051,48,275,96,36,28.151,0
30,18,blob_pods,waypoint,success,1,0.067,47.85,16.18,334.688,242,957,684,143,17.832,0
30,19,base,waypoint,collision,0,-0.001,29.45,8.25,375.46,0,0,0,0,0.0,0
30,19,modes,waypoint,success,1,0.021,41.85,15.66,314.371,0,0,0,0,0.0,350
30,19,blob_extras,waypoint,collision,0,-0.0,28.6,8.91,410.169,314,572,628,319,21.817,0
30,19,blob_pods,waypoint,success,1,0.101,30.8,12.5,290.157,158,616,470,173,13.939,0
