scenario,config,world,seed,result,success,time_s,path_len_m,min_clear_m,stall_s,controller_mean_ms,controller_p95_ms,controller_max_ms,omega_sign_flips,mode_switches,branch_selection_fraction,unique_branch_ids,mean_ess,min_ess,mean_path_error_m,max_path_error_m
normal,ideal,4,0,success,1,21.1,9.31,0.099,0.05,144.367,198.662,341.775,7,0,0.0,10,89.4668292011192,1.0175448771367435,0.0914,0.3691
normal,slip,4,0,success,1,23.1,9.26,0.122,0.2,217.736,321.921,503.17,11,0,0.0,8,102.32296470866315,1.0035623864917944,0.0464,0.2124
normal,ideal,4,1,success,1,21.15,9.27,0.104,0.05,157.337,246.924,365.557,11,0,0.0,11,87.6213206098489,1.0067600363175055,0.0784,0.2741
normal,slip,4,1,success,1,22.1,9.28,0.118,0.35,218.34,346.214,479.308,8,0,0.0,7,109.80643908374674,1.003735421918198,0.0458,0.2156
normal,ideal,48,0,success,1,20.0,8.74,0.091,0.05,150.898,251.451,395.791,13,0,0.0,12,89.40682868445936,1.0037630517027196,0.0422,0.1559
normal,slip,48,0,success,1,20.0,8.72,0.12,0.1,333.344,442.441,555.944,16,0,0.0,7,108.54818518082513,1.0027095600847953,0.0255,0.0657
normal,ideal,48,1,success,1,19.85,8.74,0.106,0.05,144.428,220.709,381.101,10,0,0.0,11,89.34082287779255,1.057585080312629,0.047,0.1392
normal,slip,48,1,success,1,19.9,8.72,0.122,0.1,211.208,310.048,432.262,12,0,0.0,7,107.14116479262866,1.0303463537685007,0.0348,0.0998
normal,ideal,49,0,success,1,20.05,8.9,0.108,0.05,166.952,251.968,409.053,4,0,0.0,8,89.27270968447701,1.006155958167833,0.0567,0.1555
normal,slip,49,0,collision,0,20.2,5.79,-0.015,5.65,215.324,279.895,320.004,12,0,0.0,9,95.53914699400157,1.0,0.0529,0.1093
normal,ideal,49,1,success,1,20.15,8.93,0.106,0.05,159.237,226.618,335.02,12,0,0.0,10,89.685344982626,1.008526920738048,0.0539,0.2187
normal,slip,49,1,collision,0,19.1,5.76,-0.001,5.05,236.266,389.287,648.547,12,0,0.0,11,107.51371464749184,1.0,0.0477,0.1175
blocked,ideal,4,0,success,1,22.3,9.71,0.105,0.05,158.961,243.735,445.801,9,6,0.5201793721973094,15,46.72377365754299,1.0,0.3791,1.1726
blocked,slip,4,0,success,1,28.65,9.59,0.111,3.6,209.534,299.317,525.134,12,11,0.3769633507853403,10,62.74545989169277,1.0,0.321,1.0258
blocked,ideal,4,1,success,1,22.75,9.82,0.102,0.05,142.415,203.996,423.701,15,6,0.5208791208791209,13,48.454292517048636,1.0000864979554758,0.388,1.1996
blocked,slip,4,1,success,1,31.45,9.81,0.031,3.85,202.953,296.983,433.167,10,9,0.3815580286168522,10,61.19875664399371,1.0,0.3059,1.0466
blocked,ideal,48,0,success,1,29.0,10.43,0.104,0.6,149.658,235.987,329.726,16,6,0.7017241379310345,17,66.9434737254448,1.0000000000082867,0.3634,0.9899
blocked,slip,48,0,success,1,29.95,10.63,0.099,1.2,348.728,445.654,548.413,10,8,0.43906510851419034,14,75.47584525088955,1.0,0.38,1.0237
blocked,ideal,48,1,success,1,28.1,10.43,0.101,0.05,147.804,215.573,368.112,8,8,0.6797153024911032,19,61.71224781166717,1.0,0.3487,1.0282
blocked,slip,48,1,success,1,37.7,11.6,0.122,2.3,211.718,306.412,459.567,8,8,0.4416445623342175,15,92.46970291295868,1.0,0.3542,1.0415
blocked,ideal,49,0,success,1,26.25,9.63,0.092,0.05,158.885,239.76,350.608,12,7,0.3904761904761905,9,67.34290080228148,1.0000000000065374,0.2311,0.7232
blocked,slip,49,0,success,1,34.0,9.66,0.096,4.35,213.58,306.652,418.853,16,9,0.4823529411764706,23,90.69023173932835,1.0000000002604579,0.2204,0.8526
blocked,ideal,49,1,success,1,26.4,9.64,0.082,0.05,162.623,267.255,369.216,16,12,0.48863636363636365,10,68.56475339805228,1.0000000070512796,0.2211,0.6482
blocked,slip,49,1,collision,0,18.4,3.72,-0.001,8.65,220.691,320.322,525.698,14,1,0.44021739130434784,13,63.33946421590739,1.0000000000229612,0.024,0.0438
dynamic,ideal,4,0,success,1,21.15,9.33,0.103,0.05,178.798,274.651,436.572,17,3,0.026004728132387706,15,31.792034227720023,1.0163915738692095,0.0958,0.3378
dynamic,slip,4,0,success,1,23.3,9.32,0.117,0.25,402.331,559.947,744.282,9,4,0.10085836909871244,15,31.067917169495495,1.0001769008626245,0.0593,0.2614
dynamic,ideal,4,1,success,1,33.7,11.71,0.009,2.05,186.949,274.357,426.653,15,10,0.19732937685459942,21,79.76305880883781,1.0,0.497,1.73
dynamic,slip,4,1,collision,0,9.65,3.4,-0.0,0.75,452.998,686.9,840.912,5,5,0.27979274611398963,11,47.26849287753478,1.0,0.2419,0.6569
dynamic,ideal,48,0,collision,0,6.45,2.22,-0.007,0.7,185.854,271.64,358.031,3,2,0.21705426356589147,15,49.34791845892739,1.0,0.2236,0.5353
dynamic,slip,48,0,collision,0,5.0,1.88,-0.001,0.05,435.679,602.213,683.183,2,2,0.13,11,15.42608480603923,1.0000083680398921,0.1477,0.2095
dynamic,ideal,48,1,success,1,20.15,8.86,0.021,0.05,168.457,223.68,455.931,14,4,0.07444168734491315,17,40.51202376359489,1.0007853661010624,0.0894,0.3298
dynamic,slip,48,1,collision,0,4.05,1.35,-0.006,0.05,445.41,748.985,893.914,1,0,0.0,10,92.83125422331435,1.0000000002898894,0.0265,0.0443
dynamic,ideal,49,0,success,1,23.15,9.49,0.101,0.1,180.702,299.018,463.767,9,4,0.08639308855291576,20,33.697968921221516,1.0000000159618336,0.151,0.6954
dynamic,slip,49,0,collision,0,9.3,2.88,-0.006,0.3,543.386,755.669,818.032,2,4,0.3279569892473118,10,90.42216882852412,1.0000002018643044,0.313,0.7668
dynamic,ideal,49,1,success,1,23.7,9.9,0.087,0.05,172.639,260.262,392.135,14,10,0.35443037974683544,22,40.0191053589579,1.0000011965330635,0.1754,0.836
dynamic,slip,49,1,collision,0,12.4,4.3,-0.006,0.25,395.352,560.3,762.739,3,2,0.3588709677419355,12,82.62897572318846,1.0,0.3577,0.8325
dynamic_blocked,ideal,4,0,success,1,22.35,9.74,0.09,0.1,154.081,207.558,247.095,11,11,0.5212527964205816,15,32.68770948275617,1.0,0.4052,1.1843
dynamic_blocked,slip,4,0,collision,0,10.3,3.45,-0.005,0.25,386.869,569.397,661.907,2,7,0.6456310679611651,12,40.85061083267474,1.0027355691730728,0.1235,0.374
dynamic_blocked,ideal,4,1,success,1,28.05,10.79,0.091,0.1,155.77,261.646,368.704,16,16,0.5508021390374331,16,29.680081927292278,1.0,0.6071,1.1604
dynamic_blocked,slip,4,1,collision,0,13.6,3.24,-0.009,1.65,438.824,657.598,696.42,2,6,0.6875,14,62.22688480344181,1.00000855243502,0.3869,0.9501
dynamic_blocked,ideal,48,0,collision,0,6.5,2.2,-0.001,0.65,158.975,200.738,261.251,3,3,0.4076923076923077,9,42.47648965217243,1.0000007626926541,0.2166,0.5168
dynamic_blocked,slip,48,0,collision,0,5.05,2.03,-0.005,0.1,384.974,600.202,665.301,4,3,0.12871287128712872,9,47.1267047148789,1.0000000166218879,0.1568,0.622
dynamic_blocked,ideal,48,1,success,1,37.65,12.02,0.099,2.4,132.483,180.289,244.479,18,16,0.6334661354581673,20,65.42408077686518,1.0,0.408,0.9534
dynamic_blocked,slip,48,1,collision,0,6.5,2.18,-0.001,0.75,406.204,615.882,693.972,10,2,0.8923076923076924,12,65.35666994636983,1.0000000000006688,0.0403,0.1222
dynamic_blocked,ideal,49,0,success,1,24.6,9.86,0.097,0.1,142.351,204.742,350.99,11,13,0.46747967479674796,15,44.59647026964421,1.0000000316381246,0.3978,1.1302
dynamic_blocked,slip,49,0,collision,0,9.0,2.8,-0.007,0.05,356.407,407.356,663.173,2,4,0.3111111111111111,14,75.0162594286283,1.0004775361948852,0.3614,1.1131
dynamic_blocked,ideal,49,1,collision,0,6.95,2.32,-0.009,0.45,151.411,193.252,197.416,6,3,0.8057553956834532,10,25.546155139878678,1.0,0.0172,0.0414
dynamic_blocked,slip,49,1,collision,0,9.3,1.94,-0.0,0.5,324.484,372.914,408.737,4,6,0.2849462365591398,11,96.94526417958255,1.0152136390858981,0.1153,0.5563
