scenario,config,world,seed,plant_mismatch,draw,plant_yaw_gain,plant_speed_yaw_loss,result,success,time_s,path_len_m,min_clear_m,stall_s,controller_mean_ms,controller_p95_ms,controller_max_ms,omega_sign_flips,mode_switches,branch_selection_fraction,unique_branch_ids,mean_ess,min_ess,mean_path_error_m,max_path_error_m
normal,slip,4,0,0.3,0,0.6936923674807876,0.5108603712901117,success,1,22.4,9.24,0.121,0.2,363.817,490.076,633.296,10,0,0.0,9,107.57341421622084,1.0129577280464306,0.0429,0.1782
normal,slip,4,0,0.3,1,1.063745360535613,0.5168867858697214,success,1,22.7,9.2,0.112,0.6,333.117,471.572,518.172,16,0,0.0,7,103.92447230952979,1.0015334224136532,0.033,0.1178
normal,slip,4,0,0.3,2,0.8311778472797038,0.5404689431500065,success,1,22.5,9.21,0.115,0.3,272.283,441.582,563.319,8,0,0.0,7,106.92165846789543,1.0038838788689948,0.0366,0.1432
normal,slip,4,0,0.3,3,0.7431871027199279,0.5962666730087158,success,1,21.7,9.28,0.115,0.05,416.048,496.961,602.363,4,0,0.0,7,111.59853693669527,1.0076468045051894,0.049,0.2487
normal,slip,4,0,0.3,4,0.6046056467266381,0.4803843316097797,success,1,22.3,9.25,0.118,0.2,243.7,391.679,513.058,8,0,0.0,8,105.13464724005031,1.021385228536942,0.0449,0.2132
normal,slip,4,0,0.3,5,0.9567675249061701,0.6478083983163907,success,1,22.25,9.2,0.116,0.05,325.236,456.852,523.877,12,0,0.0,7,109.39340037474311,1.0441795313829652,0.0339,0.1256
normal,slip,4,0,0.3,6,0.8189207312787303,0.4452301527722202,success,1,22.55,9.26,0.112,0.15,244.097,413.307,610.297,11,0,0.0,7,107.20902144065916,1.0124877229695877,0.0456,0.2022
normal,slip,4,0,0.3,7,1.008090037578636,0.451695755106654,success,1,22.45,9.2,0.11,0.4,249.414,396.311,551.013,14,0,0.0,7,107.72465447955416,1.0010704786350388,0.0313,0.1369
normal,slip,4,1,0.3,0,0.707532856302214,0.6678060455012056,success,1,23.7,9.34,0.116,0.1,231.581,359.516,463.032,12,0,0.0,8,101.66956853669087,1.0128573944932646,0.0586,0.2763
normal,slip,4,1,0.3,1,0.600858846293649,0.3944773461466671,success,1,23.2,9.37,0.113,0.05,271.293,420.216,556.972,6,0,0.0,7,103.13029145734721,1.0118230162233068,0.064,0.3056
normal,slip,4,1,0.3,2,0.6314907514990586,0.4868030789553097,success,1,22.8,9.34,0.112,0.05,254.125,397.621,535.081,10,0,0.0,6,105.08676160111884,1.0043802453529547,0.0578,0.2923
normal,slip,4,1,0.3,3,0.6056630449061288,0.61651100971851,success,1,23.4,9.35,0.119,0.2,382.58,486.271,599.95,8,0,0.0,8,102.00000307111893,1.0629479012345593,0.0589,0.2947
normal,slip,4,1,0.3,4,0.8196193932909198,0.6949494909634159,success,1,21.95,9.27,0.118,0.05,241.67,348.717,561.877,10,0,0.0,7,109.63834803836342,1.0025078669673577,0.0469,0.1937
normal,slip,4,1,0.3,5,1.0195084462390394,0.3905183545368227,success,1,21.75,9.21,0.116,0.05,321.962,491.893,588.702,14,0,0.0,8,112.7873833349891,1.0007501016105431,0.0351,0.1515
normal,slip,4,1,0.3,6,1.019494302159636,0.6836276192426621,success,1,23.2,9.24,0.119,0.05,242.263,361.081,538.92,12,0,0.0,7,105.41202758165444,1.0069340506662479,0.0399,0.1982
normal,slip,4,1,0.3,7,0.5765899516161389,0.47280071981618815,success,1,23.2,9.36,0.119,0.55,245.214,368.706,521.212,14,2,0.008620689655172414,8,101.25838658536865,1.0019704984833846,0.0615,0.2946
normal,slip,48,0,0.3,0,0.9338919085683437,0.47629417768805793,success,1,19.9,8.72,0.12,0.1,279.878,470.686,581.587,20,0,0.0,8,112.29836144908703,1.0000314269931276,0.0285,0.09
normal,slip,48,0,0.3,1,0.7017395090847686,0.3918023197978209,success,1,20.05,8.72,0.119,0.1,328.158,459.776,574.058,12,0,0.0,6,106.64483691247058,1.009578089226458,0.0329,0.0915
normal,slip,48,0,0.3,2,0.6417440552057836,0.4184328314947234,success,1,20.15,8.73,0.116,0.1,338.289,444.659,552.065,10,0,0.0,7,107.56406576716941,1.0029440378674577,0.0333,0.1002
normal,slip,48,0,0.3,3,1.010140720705524,0.5809300404000526,success,1,19.85,8.71,0.117,0.1,408.241,523.755,599.351,20,0,0.0,8,114.26298308989227,1.0006400858028859,0.028,0.0914
normal,slip,48,0,0.3,4,0.7286892291430657,0.5472075318876746,success,1,20.2,8.72,0.115,0.1,327.331,443.749,600.505,10,0,0.0,7,105.92668682302936,1.0019714546043679,0.0316,0.1016
normal,slip,48,0,0.3,5,0.8950906814261493,0.6202399628003488,success,1,20.15,8.71,0.119,0.1,236.342,305.436,528.073,14,0,0.0,7,109.42860217648759,1.0027165569845942,0.0277,0.0939
normal,slip,48,0,0.3,6,0.9973122135980818,0.650903225156772,success,1,19.85,8.73,0.113,0.1,226.1,318.03,483.507,12,0,0.0,8,112.43617830596783,1.010700747559377,0.0312,0.1112
normal,slip,48,0,0.3,7,0.8687352480219025,0.4256689071670501,success,1,20.05,8.73,0.123,0.1,325.423,534.26,582.758,10,0,0.0,8,111.67007576430932,1.0252229489838562,0.0359,0.1517
normal,slip,48,1,0.3,0,0.7979158579984937,0.5763667238546006,success,1,20.1,8.74,0.119,0.1,237.324,393.096,474.28,9,0,0.0,7,104.2632556768366,1.0054298706636793,0.0453,0.1391
normal,slip,48,1,0.3,1,0.9515636320895116,0.6281475858821477,success,1,19.95,8.73,0.125,0.05,223.963,302.903,462.483,12,0,0.0,6,108.73782056533692,1.0008520448028138,0.0361,0.1149
normal,slip,48,1,0.3,2,0.6080983910194117,0.458652779995063,success,1,19.75,8.71,0.125,0.1,375.824,493.505,562.6,15,0,0.0,7,101.88106625355393,1.012709544277822,0.0314,0.0683
normal,slip,48,1,0.3,3,0.9863797026113605,0.610779835333096,success,1,19.9,8.74,0.121,0.05,228.473,326.946,527.139,12,0,0.0,6,109.34572731945052,1.0782191743228382,0.0436,0.1499
normal,slip,48,1,0.3,4,0.6025731034698985,0.7021649092955253,success,1,20.4,8.72,0.122,0.1,301.383,418.122,532.883,15,0,0.0,8,97.56178076342395,1.000827129492147,0.0361,0.0806
normal,slip,48,1,0.3,5,0.9790236559937312,0.4193524057055864,success,1,20.15,8.71,0.124,0.05,244.188,377.491,536.031,16,0,0.0,7,109.34971458861756,1.0033283951980605,0.0343,0.1003
normal,slip,48,1,0.3,6,0.5830893025900723,0.5461939075262222,success,1,20.1,8.73,0.115,0.1,284.288,520.4,583.809,11,0,0.0,7,98.05153058515833,1.0011622767117812,0.042,0.117
normal,slip,48,1,0.3,7,0.8426192011004235,0.440843611272432,success,1,20.05,8.73,0.12,0.1,396.677,510.486,569.45,8,0,0.0,7,107.6157094816392,1.005006680089049,0.0341,0.097
normal,slip,49,0,0.3,0,0.6663959718031328,0.4808882734725563,collision,0,20.95,5.78,-0.006,6.4,255.374,407.093,560.462,16,2,0.007159904534606206,9,91.92918191716608,1.0,0.056,0.1113
normal,slip,49,0,0.3,1,0.7430900759827268,0.4945949127788845,collision,0,19.7,5.78,-0.01,5.2,415.05,532.888,583.299,18,0,0.0,9,102.08263048060674,1.0,0.0493,0.1015
normal,slip,49,0,0.3,2,0.9632534018490456,0.6980441679647583,success,1,23.35,8.88,0.034,2.05,420.647,529.103,573.217,6,0,0.0,10,93.17469196893019,1.0,0.044,0.1376
normal,slip,49,0,0.3,3,0.8875002939113557,0.6302101176848609,success,1,25.5,8.92,0.016,3.85,250.752,409.784,513.586,16,0,0.0,10,86.94756099682428,1.0,0.0501,0.1617
normal,slip,49,0,0.3,4,0.9922272025108682,0.6338684126758615,success,1,25.95,8.93,0.012,3.8,229.684,290.249,466.515,12,0,0.0,10,85.06095655160337,1.0,0.0499,0.1372
normal,slip,49,0,0.3,5,1.0481047644790333,0.4437384789897454,success,1,24.25,8.9,0.068,2.65,245.67,364.153,523.636,12,3,0.0577319587628866,11,82.09807214588498,1.0000000135861729,0.0488,0.1685
normal,slip,49,0,0.3,6,0.6866140180009503,0.47580830955253334,collision,0,19.75,5.78,-0.001,5.6,234.1,292.298,428.097,14,0,0.0,9,103.17407552207378,1.0,0.0477,0.0948
normal,slip,49,0,0.3,7,0.8712124808897296,0.4171152636700116,collision,0,22.1,5.78,-0.006,7.95,264.477,415.839,578.271,18,0,0.0,8,90.84588839776661,1.0,0.0516,0.0924
normal,slip,49,1,0.3,0,0.6158776340120589,0.7109011489326243,collision,0,22.7,5.81,-0.005,7.2,443.591,541.292,631.16,18,0,0.0,8,89.4369975344658,1.0000000000000568,0.054,0.0987
normal,slip,49,1,0.3,1,0.905092114490157,0.6951831256182274,success,1,24.75,8.95,0.001,2.7,253.497,377.228,501.876,6,2,0.030303030303030304,12,88.42315502619535,1.0000000000000009,0.0482,0.1241
normal,slip,49,1,0.3,2,0.6834513025061567,0.3916429279994923,collision,0,19.4,5.79,-0.014,5.0,333.811,521.306,605.755,20,0,0.0,9,104.15528855414392,1.0,0.0493,0.1152
normal,slip,49,1,0.3,3,0.822933335213442,0.5395984404398205,success,1,22.4,8.91,0.117,1.4,257.531,402.195,515.663,19,0,0.0,12,97.38640873114808,1.0000035783665597,0.0434,0.1312
normal,slip,49,1,0.3,4,0.7891437473657498,0.4545304958415359,collision,0,20.3,5.8,-0.002,6.4,312.824,473.144,537.989,16,0,0.0,11,103.34102500691112,1.0,0.0513,0.1187
normal,slip,49,1,0.3,5,0.8304138649843701,0.4352502608660534,collision,0,17.7,5.76,-0.001,3.7,434.101,542.803,620.784,10,0,0.0,11,104.48032572096591,1.0,0.0446,0.1049
normal,slip,49,1,0.3,6,0.6254994260109724,0.43175168403829317,collision,0,20.55,5.81,-0.014,6.05,274.698,442.79,584.864,20,0,0.0,9,91.71157217292355,1.0,0.0532,0.1254
normal,slip,49,1,0.3,7,0.7530928246773778,0.5583768803755753,success,1,25.2,8.95,0.0,3.1,284.114,494.806,595.169,10,2,0.001984126984126984,10,89.31751522936163,1.0,0.0516,0.1414
blocked,slip,4,0,0.3,0,0.6936923674807876,0.5108603712901117,success,1,29.85,9.68,0.125,2.3,331.174,443.815,549.76,14,9,0.37018425460636517,9,63.77519659916174,1.000000008040422,0.3253,1.0038
blocked,slip,4,0,0.3,1,1.063745360535613,0.5168867858697214,success,1,27.85,9.69,0.096,2.35,246.805,398.434,551.579,18,11,0.3734290843806104,8,63.75761855905486,1.0,0.3316,1.061
blocked,slip,4,0,0.3,2,0.8311778472797038,0.5404689431500065,success,1,28.85,9.51,0.112,3.1,234.24,372.659,525.822,20,11,0.39168110918544197,9,62.128139863543154,1.0,0.3082,0.9964
blocked,slip,4,0,0.3,3,0.7431871027199279,0.5962666730087158,success,1,28.75,9.57,0.109,2.8,273.266,473.68,611.568,8,11,0.39652173913043476,9,64.2245630968472,1.0,0.3108,0.9898
blocked,slip,4,0,0.3,4,0.6046056467266381,0.4803843316097797,success,1,29.15,9.56,0.121,3.55,219.992,316.299,402.229,8,9,0.4219554030874786,9,63.18148477400693,1.0,0.3093,1.0122
blocked,slip,4,0,0.3,5,0.9567675249061701,0.6478083983163907,success,1,27.8,9.57,0.122,2.25,392.091,476.875,561.437,18,9,0.41007194244604317,9,63.01057126461982,1.0,0.3155,0.9769
blocked,slip,4,0,0.3,6,0.8189207312787303,0.4452301527722202,success,1,28.25,9.55,0.116,2.7,328.751,432.55,527.953,10,11,0.3663716814159292,8,65.42494025990347,1.0,0.3049,0.9699
blocked,slip,4,0,0.3,7,1.008090037578636,0.451695755106654,success,1,29.9,9.69,0.074,3.75,225.969,343.762,541.339,18,11,0.34448160535117056,8,61.98866757208182,1.0,0.2992,0.9942
blocked,slip,4,1,0.3,0,0.707532856302214,0.6678060455012056,success,1,35.15,9.99,0.038,7.25,298.396,425.695,533.735,18,13,0.39544807965860596,8,55.86548932154111,1.0,0.3524,1.0862
blocked,slip,4,1,0.3,1,0.600858846293649,0.3944773461466671,success,1,31.0,9.67,0.061,3.8,400.549,477.494,582.536,16,13,0.46774193548387094,8,56.94038090750421,1.0000000000000009,0.3119,1.0087
blocked,slip,4,1,0.3,2,0.6314907514990586,0.4868030789553097,success,1,31.6,9.89,0.072,4.55,238.111,329.484,525.22,14,13,0.41455696202531644,10,63.83622145698974,1.0,0.3235,1.0861
blocked,slip,4,1,0.3,3,0.6056630449061288,0.61651100971851,success,1,31.3,9.78,0.07,3.65,384.797,462.778,572.256,16,9,0.44568690095846647,8,56.24843484501446,1.0,0.3158,1.0175
blocked,slip,4,1,0.3,4,0.8196193932909198,0.6949494909634159,success,1,32.25,9.89,0.036,4.8,219.715,302.161,505.691,12,7,0.3767441860465116,8,62.30936886595857,1.0,0.3031,1.0109
blocked,slip,4,1,0.3,5,1.0195084462390394,0.3905183545368227,success,1,27.05,9.66,0.117,1.65,231.771,369.073,536.318,14,7,0.4676524953789279,7,58.210060317206896,1.0,0.3323,1.0393
blocked,slip,4,1,0.3,6,1.019494302159636,0.6836276192426621,success,1,47.9,12.16,0.062,10.25,225.0,347.648,538.646,34,18,0.4102296450939457,12,45.11149608355244,1.0,0.333,1.0221
blocked,slip,4,1,0.3,7,0.5765899516161389,0.47280071981618815,success,1,30.45,9.71,0.071,4.6,254.686,397.543,515.411,16,9,0.4975369458128079,9,54.407201563412414,1.0,0.3064,1.0284
blocked,slip,48,0,0.3,0,0.9338919085683437,0.47629417768805793,success,1,30.55,10.56,0.111,1.35,230.308,355.67,468.384,14,8,0.41898527004909986,14,75.48289457224058,1.0000000000008593,0.3777,0.9458
blocked,slip,48,0,0.3,1,0.7017395090847686,0.3918023197978209,success,1,29.65,10.52,0.12,1.75,255.924,384.9,482.826,14,12,0.4974704890387858,12,75.08723103440731,1.0,0.3698,0.9807
blocked,slip,48,0,0.3,2,0.6417440552057836,0.4184328314947234,success,1,33.6,10.58,0.12,1.6,348.913,474.472,572.255,10,8,0.40327380952380953,15,79.97905242786668,1.0,0.3723,0.9878
blocked,slip,48,0,0.3,3,1.010140720705524,0.5809300404000526,success,1,29.0,10.61,0.123,1.2,318.012,492.49,606.227,8,8,0.45689655172413796,15,72.2865085977794,1.000000000487122,0.3869,0.9978
blocked,slip,48,0,0.3,4,0.7286892291430657,0.5472075318876746,success,1,30.3,10.55,0.12,1.75,310.01,418.869,504.495,14,12,0.5066006600660066,13,74.66952525724956,1.0,0.3783,1.0065
blocked,slip,48,0,0.3,5,0.8950906814261493,0.6202399628003488,success,1,30.15,10.59,0.12,1.2,239.433,367.614,509.354,14,8,0.4295190713101161,12,78.71527770595011,1.0,0.3695,0.9723
blocked,slip,48,0,0.3,6,0.9973122135980818,0.650903225156772,success,1,29.7,10.55,0.122,1.35,318.884,437.046,548.351,14,8,0.4478114478114478,14,73.28708534864995,1.0,0.3773,0.9299
blocked,slip,48,0,0.3,7,0.8687352480219025,0.4256689071670501,success,1,30.25,10.61,0.125,1.25,239.937,400.817,542.062,16,8,0.4446280991735537,14,76.31025020247455,1.0,0.3855,0.9798
blocked,slip,48,1,0.3,0,0.7979158579984937,0.5763667238546006,success,1,45.9,13.21,0.122,4.0,232.212,335.356,488.404,4,16,0.5522875816993464,18,100.15588866062099,1.0,0.3164,0.9738
blocked,slip,48,1,0.3,1,0.9515636320895116,0.6281475858821477,success,1,30.55,10.47,0.122,1.55,241.513,406.893,586.341,8,8,0.42716857610474634,14,80.51100824350357,1.0000000000012856,0.3648,0.9626
blocked,slip,48,1,0.3,2,0.6080983910194117,0.458652779995063,success,1,40.9,12.07,0.118,2.45,397.473,480.181,574.791,6,14,0.4682151589242054,16,89.39553304867651,1.0000000000000235,0.3587,1.0678
blocked,slip,48,1,0.3,3,0.9863797026113605,0.610779835333096,success,1,30.05,10.56,0.126,1.15,406.742,499.757,568.835,14,8,0.4459234608985025,15,73.05876501453577,1.0,0.3863,0.942
blocked,slip,48,1,0.3,4,0.6025731034698985,0.7021649092955253,success,1,48.3,12.78,0.065,6.35,231.855,344.491,485.696,12,14,0.43995859213250516,16,76.23526717441872,1.0,0.4836,1.3131
blocked,slip,48,1,0.3,5,0.9790236559937312,0.4193524057055864,success,1,30.7,10.62,0.119,1.05,236.362,371.669,494.716,11,12,0.496742671009772,15,71.15290092916764,1.0,0.4085,1.0668
blocked,slip,48,1,0.3,6,0.5830893025900723,0.5461939075262222,timeout,0,60.0,11.8,0.114,15.1,279.473,449.133,568.272,5,17,0.6541666666666667,19,101.0421452917348,1.0,0.3858,1.2899
blocked,slip,48,1,0.3,7,0.8426192011004235,0.440843611272432,success,1,43.2,12.94,0.123,2.75,229.166,363.041,535.561,13,12,0.48148148148148145,20,94.1675991449556,1.0,0.313,0.9686
blocked,slip,49,0,0.3,0,0.6663959718031328,0.4808882734725563,success,1,33.95,9.7,0.117,5.55,248.274,350.902,529.2,10,10,0.4727540500736377,20,95.73606262240209,1.0000000000000058,0.1919,0.8466
blocked,slip,49,0,0.3,1,0.7430900759827268,0.4945949127788845,collision,0,19.6,3.73,-0.011,10.0,379.085,511.05,562.069,12,3,0.30357142857142855,12,61.584685549687464,1.0,0.0227,0.0435
blocked,slip,49,0,0.3,2,0.9632534018490456,0.6980441679647583,success,1,34.95,9.54,0.11,3.95,303.626,494.963,580.771,14,9,0.46065808297567956,21,105.38730566097874,1.0,0.2262,0.8159
blocked,slip,49,0,0.3,3,0.8875002939113557,0.6302101176848609,success,1,35.8,9.55,0.046,6.3,387.705,506.972,550.179,20,12,0.49022346368715086,21,88.51188860458676,1.0000000000000138,0.1988,0.7604
blocked,slip,49,0,0.3,4,0.9922272025108682,0.6338684126758615,success,1,31.55,9.43,0.116,4.25,342.911,481.54,543.736,10,11,0.43898573692551507,21,88.84573861202773,1.0,0.1816,0.6911
blocked,slip,49,0,0.3,5,1.0481047644790333,0.4437384789897454,success,1,36.95,9.61,0.02,8.9,237.949,378.979,506.192,26,12,0.3531799729364005,18,66.99211269311324,1.0,0.1556,0.7889
blocked,slip,49,0,0.3,6,0.6866140180009503,0.47580830955253334,success,1,36.95,9.85,0.013,8.95,237.478,375.83,506.847,14,11,0.38430311231393777,18,65.69069532417959,1.0000007104427346,0.1837,0.9431
blocked,slip,49,0,0.3,7,0.8712124808897296,0.4171152636700116,success,1,33.6,9.62,0.114,4.8,231.68,313.324,489.356,20,11,0.5610119047619048,21,92.70565537512401,1.0000000000018816,0.2076,0.8474
blocked,slip,49,1,0.3,0,0.6158776340120589,0.7109011489326243,collision,0,19.1,3.73,-0.007,9.3,244.758,332.368,485.667,18,1,0.42408376963350786,12,62.009447518808116,1.0,0.0235,0.043
blocked,slip,49,1,0.3,1,0.905092114490157,0.6951831256182274,success,1,33.8,9.63,0.023,6.6,281.277,444.032,578.473,18,10,0.48668639053254437,19,70.3550581716546,1.0000000000000298,0.1728,0.7324
blocked,slip,49,1,0.3,2,0.6834513025061567,0.3916429279994923,collision,0,16.45,3.71,-0.001,6.8,307.852,475.643,533.129,12,1,0.49240121580547114,12,64.58965823104879,1.0000000000256204,0.0229,0.0419
blocked,slip,49,1,0.3,3,0.822933335213442,0.5395984404398205,success,1,35.05,9.79,0.008,8.0,307.946,459.76,4201.366,20,8,0.41512125534950073,19,71.2042899100261,1.000000000018165,0.1754,0.9251
blocked,slip,49,1,0.3,4,0.7891437473657498,0.4545304958415359,collision,0,16.45,3.72,-0.01,6.7,288.954,459.833,552.671,10,1,0.49240121580547114,13,66.187833731944,1.0000000265842994,0.0234,0.044
blocked,slip,49,1,0.3,5,0.8304138649843701,0.4352502608660534,collision,0,16.95,3.72,-0.005,7.1,428.629,521.932,558.065,10,1,0.4778761061946903,13,63.594799008291794,1.0,0.0231,0.0431
blocked,slip,49,1,0.3,6,0.6254994260109724,0.43175168403829317,collision,0,16.6,3.71,-0.001,7.0,374.675,526.022,589.766,6,1,0.4879518072289157,12,64.12600333955108,1.0,0.0222,0.0428
blocked,slip,49,1,0.3,7,0.7530928246773778,0.5583768803755753,collision,0,17.15,3.71,-0.005,7.35,339.317,495.676,563.579,14,3,0.48104956268221577,11,64.7731509858338,1.0,0.0233,0.0406
dynamic,slip,4,0,0.3,0,0.6936923674807876,0.5108603712901117,success,1,23.45,9.42,0.12,0.3,534.141,820.431,4603.464,4,6,0.07889125799573561,14,32.408224089261154,1.0027101210628713,0.0766,0.2688
dynamic,slip,4,0,0.3,1,1.063745360535613,0.5168867858697214,success,1,22.4,9.26,0.119,0.15,629.338,803.656,4732.817,10,4,0.09375,15,32.681331372614615,1.0000000002252456,0.0503,0.1368
dynamic,slip,4,0,0.3,2,0.8311778472797038,0.5404689431500065,success,1,22.8,9.36,0.115,0.05,469.312,664.015,4484.675,9,4,0.08991228070175439,15,33.60452545848494,1.0006790616691412,0.0688,0.2438
dynamic,slip,4,0,0.3,3,0.7431871027199279,0.5962666730087158,success,1,24.3,9.36,0.099,0.55,538.286,848.886,4780.637,12,4,0.1646090534979424,18,30.126811700200793,1.00092438656402,0.066,0.2432
dynamic,slip,4,0,0.3,4,0.6046056467266381,0.4803843316097797,success,1,24.6,9.36,0.107,0.55,468.682,707.778,4665.189,14,4,0.17886178861788618,14,29.153165065839513,1.0015526814021232,0.0663,0.2709
dynamic,slip,4,0,0.3,5,0.9567675249061701,0.6478083983163907,success,1,23.55,9.33,0.116,0.25,608.625,744.969,4525.078,12,4,0.15711252653927812,16,32.88033962967301,1.000640295426809,0.0606,0.1993
dynamic,slip,4,0,0.3,6,0.8189207312787303,0.4452301527722202,success,1,24.55,9.31,0.099,1.1,502.58,812.345,4842.834,12,6,0.18126272912423624,16,29.932116241735375,1.0046145751191669,0.0558,0.1996
dynamic,slip,4,0,0.3,7,1.008090037578636,0.451695755106654,success,1,22.45,9.28,0.096,0.5,684.546,800.776,4807.244,10,4,0.035634743875278395,15,34.36286107671567,1.0041831397974195,0.0542,0.1549
dynamic,slip,4,1,0.3,0,0.707532856302214,0.6678060455012056,collision,0,9.7,3.57,-0.0,0.1,733.631,884.885,4625.381,2,6,0.3402061855670103,10,45.00091747498547,1.000000000074805,0.2426,0.6274
dynamic,slip,4,1,0.3,1,0.600858846293649,0.3944773461466671,success,1,29.6,10.16,0.04,5.1,487.723,794.261,4714.604,8,13,0.3091216216216216,14,25.551419389600866,1.0,0.1655,0.637
dynamic,slip,4,1,0.3,2,0.6314907514990586,0.4868030789553097,collision,0,9.65,3.61,-0.001,0.1,821.302,918.833,4595.285,2,6,0.35233160621761656,10,45.714310526842596,1.0,0.2549,0.6405
dynamic,slip,4,1,0.3,3,0.6056630449061288,0.61651100971851,collision,0,9.65,3.29,-0.006,0.6,446.172,530.679,730.601,2,7,0.32642487046632124,9,45.141135573277055,1.0,0.1841,0.4866
dynamic,slip,4,1,0.3,4,0.8196193932909198,0.6949494909634159,collision,0,9.75,3.64,-0.007,0.1,498.212,781.68,873.814,2,5,0.3435897435897436,13,42.13447230802283,1.0,0.2509,0.6589
dynamic,slip,4,1,0.3,5,1.0195084462390394,0.3905183545368227,success,1,29.15,10.43,0.071,2.7,435.845,605.296,891.688,10,10,0.1646655231560892,17,50.88836472867975,1.0,0.1461,0.5974
dynamic,slip,4,1,0.3,6,1.019494302159636,0.6836276192426621,collision,0,9.05,3.3,-0.001,0.55,469.069,703.812,933.727,2,2,0.1712707182320442,8,57.709475236732814,1.0000000042520543,0.219,0.5697
dynamic,slip,4,1,0.3,7,0.5765899516161389,0.47280071981618815,collision,0,9.65,3.37,-0.002,0.45,781.054,860.563,920.173,2,5,0.37305699481865284,9,46.08804383115019,1.0,0.2009,0.5464
dynamic,slip,48,0,0.3,0,0.9338919085683437,0.47629417768805793,collision,0,5.1,1.98,-0.001,0.05,446.709,665.688,785.66,4,0,0.0,11,15.50212574965766,1.0021578042641084,0.1483,0.207
dynamic,slip,48,0,0.3,1,0.7017395090847686,0.3918023197978209,collision,0,5.1,1.97,-0.003,0.05,669.149,848.343,902.451,4,0,0.0,10,15.688349118113678,1.0002944017178281,0.17,0.2595
dynamic,slip,48,0,0.3,2,0.6417440552057836,0.4184328314947234,collision,0,4.8,1.8,-0.0,0.05,580.747,818.636,833.764,3,2,0.11458333333333333,11,14.824270916409018,1.0,0.1766,0.2836
dynamic,slip,48,0,0.3,3,1.010140720705524,0.5809300404000526,collision,0,5.05,1.95,-0.0,0.05,602.199,836.218,896.989,2,0,0.0,13,15.575034873737021,1.0067060520593514,0.1481,0.2166
dynamic,slip,48,0,0.3,4,0.7286892291430657,0.5472075318876746,collision,0,5.0,1.97,-0.001,0.05,460.953,638.425,713.528,4,2,0.14,11,16.00330707421331,1.0058851640647797,0.1753,0.275
dynamic,slip,48,0,0.3,5,0.8950906814261493,0.6202399628003488,collision,0,4.75,1.85,-0.002,0.05,436.19,653.604,865.336,4,2,0.07368421052631578,12,16.223953690673437,1.0008484829261262,0.1563,0.2533
dynamic,slip,48,0,0.3,6,0.9973122135980818,0.650903225156772,collision,0,5.05,1.96,-0.004,0.05,469.111,728.592,832.548,2,2,0.12871287128712872,12,15.415033375478357,1.0208293045048387,0.1491,0.2178
dynamic,slip,48,0,0.3,7,0.8687352480219025,0.4256689071670501,collision,0,4.75,1.75,-0.005,0.05,753.332,852.415,878.258,7,2,0.10526315789473684,9,14.703736089041936,1.0213834550876846,0.1691,0.2783
dynamic,slip,48,1,0.3,0,0.7979158579984937,0.5763667238546006,collision,0,4.05,1.32,-0.005,0.3,743.984,861.955,911.321,1,0,0.0,10,99.20454725653728,1.0000031563220393,0.0271,0.0455
dynamic,slip,48,1,0.3,1,0.9515636320895116,0.6281475858821477,collision,0,4.05,1.35,-0.006,0.05,464.534,637.746,828.047,1,0,0.0,8,99.17862505801389,1.0,0.0238,0.0404
dynamic,slip,48,1,0.3,2,0.6080983910194117,0.458652779995063,collision,0,4.05,1.34,-0.002,0.1,441.424,548.781,748.291,1,0,0.0,10,90.6491289326702,1.0021512769701746,0.0337,0.0558
dynamic,slip,48,1,0.3,3,0.9863797026113605,0.610779835333096,collision,0,4.05,1.34,-0.005,0.1,477.116,669.923,834.139,2,0,0.0,8,96.91812799573567,1.0,0.0228,0.0385
dynamic,slip,48,1,0.3,4,0.6025731034698985,0.7021649092955253,collision,0,4.1,1.32,-0.002,0.35,498.679,636.748,696.879,1,0,0.0,11,82.33842430524108,1.0,0.0369,0.061
dynamic,slip,48,1,0.3,5,0.9790236559937312,0.4193524057055864,collision,0,4.05,1.41,-0.006,0.05,772.12,862.428,892.317,1,0,0.0,9,103.4642090011181,1.0000000000000289,0.0222,0.0555
dynamic,slip,48,1,0.3,6,0.5830893025900723,0.5461939075262222,collision,0,4.05,1.36,-0.008,0.2,445.373,583.766,684.462,1,0,0.0,10,82.73775425889585,1.0,0.0366,0.0599
dynamic,slip,48,1,0.3,7,0.8426192011004235,0.440843611272432,collision,0,4.05,1.3,-0.0,0.4,440.671,571.658,750.635,1,0,0.0,11,91.46141477989617,1.0,0.0246,0.0421
dynamic,slip,49,0,0.3,0,0.6663959718031328,0.4808882734725563,success,1,26.8,10.02,0.107,1.0,434.747,620.436,887.598,8,9,0.3675373134328358,21,49.42219738194579,1.0000000071701365,0.2051,0.9834
dynamic,slip,49,0,0.3,1,0.7430900759827268,0.4945949127788845,collision,0,9.5,2.89,-0.005,0.25,490.011,658.512,811.076,3,4,0.28421052631578947,12,92.26414210070448,1.000000012943003,0.3249,0.7918
dynamic,slip,49,0,0.3,2,0.9632534018490456,0.6980441679647583,collision,0,9.15,2.81,-0.004,0.25,776.369,860.608,898.069,4,6,0.3005464480874317,10,87.59379534386153,1.0000000000114868,0.2955,0.7331
dynamic,slip,49,0,0.3,3,0.8875002939113557,0.6302101176848609,collision,0,9.65,3.18,-0.007,0.1,471.055,740.097,864.994,5,4,0.37823834196891193,13,91.58030209751178,1.0,0.3425,0.8711
dynamic,slip,49,0,0.3,4,0.9922272025108682,0.6338684126758615,collision,0,9.05,2.76,-0.01,0.1,768.931,852.402,889.132,2,4,0.3867403314917127,8,89.30989797869174,1.0,0.2927,0.7448
dynamic,slip,49,0,0.3,5,1.0481047644790333,0.4437384789897454,collision,0,9.0,2.82,-0.003,0.1,780.388,864.483,898.353,4,4,0.4,9,88.72597134732229,1.0,0.2997,0.7812
dynamic,slip,49,0,0.3,6,0.6866140180009503,0.47580830955253334,collision,0,9.85,2.85,-0.001,0.2,764.235,851.232,872.388,3,2,0.20304568527918782,13,94.62098495327136,1.0000000070102364,0.3253,0.87
dynamic,slip,49,0,0.3,7,0.8712124808897296,0.4171152636700116,collision,0,9.3,2.59,-0.0,0.1,459.665,645.7,826.748,4,4,0.3655913978494624,12,88.81875483241676,1.0000000017162063,0.2966,0.7185
dynamic,slip,49,1,0.3,0,0.6158776340120589,0.7109011489326243,collision,0,12.9,4.21,-0.004,0.2,486.154,755.918,852.304,2,6,0.35271317829457366,13,74.30511511649263,1.0000306295293695,0.4179,0.9516
dynamic,slip,49,1,0.3,1,0.905092114490157,0.6951831256182274,collision,0,12.45,4.34,-0.004,0.15,762.532,833.894,901.195,3,3,0.37751004016064255,11,83.99840869547221,1.0000000195759187,0.347,0.8335
dynamic,slip,49,1,0.3,2,0.6834513025061567,0.3916429279994923,collision,0,12.5,4.1,-0.003,0.6,453.847,730.76,841.985,2,4,0.308,12,79.05530793806375,1.0000000087852068,0.3715,0.8669
dynamic,slip,49,1,0.3,3,0.822933335213442,0.5395984404398205,collision,0,12.35,4.29,-0.007,0.15,435.739,556.043,749.278,3,3,0.3805668016194332,12,82.68060217775239,1.0000001910842902,0.3606,0.8375
dynamic,slip,49,1,0.3,4,0.7891437473657498,0.4545304958415359,collision,0,12.35,4.32,-0.005,0.25,501.278,751.83,842.605,3,3,0.38461538461538464,13,78.00122158421365,1.0,0.3642,0.8617
dynamic,slip,49,1,0.3,5,0.8304138649843701,0.4352502608660534,collision,0,12.3,4.26,-0.007,0.35,453.419,635.667,860.489,5,6,0.3780487804878049,10,79.22416263579058,1.0000000037744834,0.344,0.8229
dynamic,slip,49,1,0.3,6,0.6254994260109724,0.43175168403829317,collision,0,12.4,4.31,-0.0,0.1,634.298,828.701,903.721,2,9,0.43548387096774194,12,67.36627513504428,1.0,0.3976,0.9833
dynamic,slip,49,1,0.3,7,0.7530928246773778,0.5583768803755753,collision,0,13.65,4.52,-0.002,0.5,531.285,805.583,874.985,3,7,0.38461538461538464,13,100.52485738180326,1.0,0.344,0.6687
dynamic_blocked,slip,4,0,0.3,0,0.6936923674807876,0.5108603712901117,collision,0,23.65,4.75,-0.003,7.15,420.924,576.106,764.046,8,10,0.4249471458773784,17,46.497337510078225,1.0,0.324,0.7072
dynamic_blocked,slip,4,0,0.3,1,1.063745360535613,0.5168867858697214,success,1,23.1,9.48,0.085,0.1,423.732,695.468,887.881,9,13,0.3528138528138528,14,37.63812166779716,1.0,0.3728,1.0012
dynamic_blocked,slip,4,0,0.3,2,0.8311778472797038,0.5404689431500065,success,1,26.5,9.68,0.059,0.75,552.805,786.805,2671.793,10,8,0.3886792452830189,16,45.59805168367976,1.0,0.3776,1.0071
dynamic_blocked,slip,4,0,0.3,3,0.7431871027199279,0.5962666730087158,success,1,49.05,12.01,0.041,9.65,657.238,822.986,2980.381,16,18,0.36187563710499493,24,54.24994169956942,1.0,0.3931,0.9903
dynamic_blocked,slip,4,0,0.3,4,0.6046056467266381,0.4803843316097797,collision,0,10.75,3.61,-0.0,0.4,729.223,832.531,861.346,4,6,0.7069767441860465,11,44.4488929210671,1.008732164790834,0.0957,0.2887
dynamic_blocked,slip,4,0,0.3,5,0.9567675249061701,0.6478083983163907,success,1,33.2,9.84,0.022,4.6,444.024,688.088,2030.902,13,15,0.32228915662650603,17,40.607806254250406,1.0,0.4206,1.0277
dynamic_blocked,slip,4,0,0.3,6,0.8189207312787303,0.4452301527722202,success,1,40.4,11.95,0.052,3.55,427.663,617.516,2557.141,14,15,0.31064356435643564,20,42.295929719890765,1.0,0.388,0.9793
dynamic_blocked,slip,4,0,0.3,7,1.008090037578636,0.451695755106654,success,1,34.0,9.84,0.039,7.2,477.758,729.301,3148.476,16,18,0.37941176470588234,17,40.11615426120939,1.0,0.4269,0.9931
dynamic_blocked,slip,4,1,0.3,0,0.707532856302214,0.6678060455012056,collision,0,14.2,3.24,-0.015,2.3,575.038,817.936,896.215,2,6,0.5246478873239436,12,56.73372448462679,1.0000000253244077,0.3642,0.9413
dynamic_blocked,slip,4,1,0.3,1,0.600858846293649,0.3944773461466671,collision,0,19.65,4.47,-0.002,1.7,570.531,812.645,2195.305,2,9,0.5063613231552163,16,46.01718917679994,1.0000000000000027,0.3675,0.9284
dynamic_blocked,slip,4,1,0.3,2,0.6314907514990586,0.4868030789553097,collision,0,13.8,3.18,-0.018,2.2,775.09,853.47,3180.429,1,5,0.5398550724637681,19,60.341393280081,1.0,0.3751,0.8805
dynamic_blocked,slip,4,1,0.3,3,0.6056630449061288,0.61651100971851,collision,0,15.4,3.42,-0.001,2.15,693.929,833.252,3455.954,2,9,0.6363636363636364,19,54.20511827932542,1.0,0.3727,0.8891
dynamic_blocked,slip,4,1,0.3,4,0.8196193932909198,0.6949494909634159,collision,0,17.45,3.28,-0.004,3.5,627.904,819.514,3481.286,2,5,0.6934097421203438,21,66.84078723171284,1.0,0.2938,0.9199
dynamic_blocked,slip,4,1,0.3,5,1.0195084462390394,0.3905183545368227,success,1,32.55,10.41,0.018,3.0,525.522,805.771,2571.812,18,16,0.34101382488479265,19,37.01513195954855,1.0,0.5899,1.0978
dynamic_blocked,slip,4,1,0.3,6,1.019494302159636,0.6836276192426621,collision,0,15.95,3.5,-0.001,1.2,474.704,647.654,3412.485,4,6,0.6300940438871473,15,66.16758990169143,1.0061232853206552,0.324,0.817
dynamic_blocked,slip,4,1,0.3,7,0.5765899516161389,0.47280071981618815,collision,0,14.85,3.02,-0.003,3.65,472.292,750.256,3355.145,2,6,0.569023569023569,14,54.77436614572699,1.0,0.3741,0.8432
dynamic_blocked,slip,48,0,0.3,0,0.9338919085683437,0.47629417768805793,collision,0,6.5,2.02,-0.001,0.5,799.602,909.326,986.695,5,3,0.09230769230769231,11,37.63464228300228,1.0,0.2169,0.4755
dynamic_blocked,slip,48,0,0.3,1,0.7017395090847686,0.3918023197978209,collision,0,5.0,2.02,-0.004,0.1,508.464,818.769,910.969,4,3,0.13,9,46.88715939970474,1.0000248802269367,0.1521,0.6152
dynamic_blocked,slip,48,0,0.3,2,0.6417440552057836,0.4184328314947234,collision,0,5.15,2.12,-0.001,0.1,595.653,900.345,977.101,3,1,0.04854368932038835,11,46.810424973458304,1.0000004157979974,0.1602,0.6606
dynamic_blocked,slip,48,0,0.3,3,1.010140720705524,0.5809300404000526,collision,0,5.35,2.0,-0.001,0.1,447.809,512.481,942.902,4,3,0.08411214953271028,10,41.334439308968335,1.0000000000266542,0.1723,0.5638
dynamic_blocked,slip,48,0,0.3,4,0.7286892291430657,0.5472075318876746,collision,0,5.15,2.11,-0.002,0.1,810.909,905.176,989.622,4,1,0.04854368932038835,9,44.758393509115095,1.0000103827496996,0.1632,0.6525
dynamic_blocked,slip,48,0,0.3,5,0.8950906814261493,0.6202399628003488,collision,0,5.1,2.05,-0.0,0.1,439.496,523.718,708.309,4,1,0.049019607843137254,11,43.29023920175252,1.0000000000012066,0.1631,0.6276
dynamic_blocked,slip,48,0,0.3,6,0.9973122135980818,0.650903225156772,collision,0,5.35,1.93,-0.002,0.1,459.019,653.058,918.254,4,3,0.11214953271028037,9,42.044131616972855,1.000000000000183,0.1714,0.5207
dynamic_blocked,slip,48,0,0.3,7,0.8687352480219025,0.4256689071670501,collision,0,5.25,1.9,-0.002,0.1,485.778,771.146,887.91,4,3,0.11428571428571428,9,42.79945478256481,1.0000000000007088,0.1661,0.5182
dynamic_blocked,slip,48,1,0.3,0,0.7979158579984937,0.5763667238546006,collision,0,6.6,2.19,-0.009,0.75,480.167,674.185,825.569,4,2,0.8863636363636364,13,64.68625197538506,1.0,0.0391,0.1118
dynamic_blocked,slip,48,1,0.3,1,0.9515636320895116,0.6281475858821477,collision,0,6.6,2.19,-0.004,0.9,460.858,594.415,782.918,4,2,0.8787878787878788,13,64.96552318636704,1.0,0.0437,0.1292
dynamic_blocked,slip,48,1,0.3,2,0.6080983910194117,0.458652779995063,collision,0,6.4,2.2,-0.005,0.5,473.38,700.092,770.45,2,2,0.8984375,12,65.46870544564194,1.0000003323260558,0.0339,0.1014
dynamic_blocked,slip,48,1,0.3,3,0.9863797026113605,0.610779835333096,collision,0,7.1,2.25,-0.004,1.1,783.883,936.206,3025.798,2,4,0.852112676056338,14,64.2042186629032,1.0000000000000004,0.0557,0.1889
dynamic_blocked,slip,48,1,0.3,4,0.6025731034698985,0.7021649092955253,collision,0,6.3,2.21,-0.02,0.35,823.018,918.817,3204.472,2,2,0.9126984126984127,12,66.25309150622067,1.0000000000192277,0.031,0.0973
dynamic_blocked,slip,48,1,0.3,5,0.9790236559937312,0.4193524057055864,collision,0,6.2,2.2,-0.006,0.5,575.719,890.347,3066.335,4,3,0.9516129032258065,12,65.60000703939727,1.0000000000003304,0.0428,0.1511
dynamic_blocked,slip,48,1,0.3,6,0.5830893025900723,0.5461939075262222,collision,0,6.45,2.2,-0.014,0.45,518.047,747.548,2605.005,4,2,0.8914728682170543,12,65.68687139558709,1.0000000000715104,0.0327,0.0962
dynamic_blocked,slip,48,1,0.3,7,0.8426192011004235,0.440843611272432,collision,0,7.1,2.25,-0.01,1.05,479.347,627.928,2342.404,2,4,0.8450704225352113,14,63.335351639805054,1.0,0.0561,0.1866
dynamic_blocked,slip,49,0,0.3,0,0.6663959718031328,0.4808882734725563,collision,0,10.5,3.19,-0.004,0.3,475.838,695.003,3899.931,2,4,0.3380952380952381,15,72.68044643079442,1.0000000188440041,0.4966,1.2663
dynamic_blocked,slip,49,0,0.3,1,0.7430900759827268,0.4945949127788845,success,1,41.1,10.31,0.012,6.85,408.369,752.465,2666.106,17,15,0.2846715328467153,20,92.08614265141102,1.0,0.3482,1.2151
dynamic_blocked,slip,49,0,0.3,2,0.9632534018490456,0.6980441679647583,collision,0,9.2,2.86,-0.005,0.05,488.248,684.08,3263.753,2,2,0.2391304347826087,16,72.822464476452,1.0000000148081376,0.3863,1.1169
dynamic_blocked,slip,49,0,0.3,3,0.8875002939113557,0.6302101176848609,collision,0,8.75,2.68,-0.007,0.05,565.823,795.969,2451.632,2,2,0.25142857142857145,18,75.42890907099304,1.0,0.3346,1.0541
dynamic_blocked,slip,49,0,0.3,4,0.9922272025108682,0.6338684126758615,collision,0,8.4,2.58,-0.004,0.05,651.41,841.73,3306.017,4,4,0.3333333333333333,13,75.41107147443036,1.0000000026057991,0.3046,0.9917
dynamic_blocked,slip,49,0,0.3,5,1.0481047644790333,0.4437384789897454,collision,0,8.7,2.83,-0.003,0.05,440.071,615.151,772.549,2,4,0.3160919540229885,13,76.1912134612363,1.0000000622816687,0.3656,1.0276
dynamic_blocked,slip,49,0,0.3,6,0.6866140180009503,0.47580830955253334,success,1,37.55,10.63,0.019,3.4,402.263,764.08,893.611,9,11,0.40878828229027964,23,94.22008045652802,1.0,0.3471,1.2478
dynamic_blocked,slip,49,0,0.3,7,0.8712124808897296,0.4171152636700116,collision,0,9.0,2.77,-0.002,0.05,436.457,571.165,742.461,2,2,0.24444444444444444,16,75.75585744532204,1.000000055167053,0.3585,1.0999
dynamic_blocked,slip,49,1,0.3,0,0.6158776340120589,0.7109011489326243,collision,0,8.8,1.85,-0.001,0.45,704.807,817.192,905.242,2,4,0.45454545454545453,9,84.75180969757194,1.0026491698539497,0.075,0.4637
dynamic_blocked,slip,49,1,0.3,1,0.905092114490157,0.6951831256182274,collision,0,10.55,2.28,-0.001,0.35,417.619,505.329,748.63,2,4,0.15639810426540285,12,105.76172879160839,1.0000470966514627,0.2006,0.8873
dynamic_blocked,slip,49,1,0.3,2,0.6834513025061567,0.3916429279994923,collision,0,8.8,1.86,-0.001,0.15,433.422,617.799,707.585,2,4,0.3352272727272727,8,90.78892310435707,1.0025625127892643,0.0883,0.4562
dynamic_blocked,slip,49,1,0.3,3,0.822933335213442,0.5395984404398205,collision,0,28.65,5.14,-0.004,11.4,362.267,601.85,790.492,27,8,0.3089005235602094,14,61.61862449739102,1.0,0.2795,1.3123
dynamic_blocked,slip,49,1,0.3,4,0.7891437473657498,0.4545304958415359,collision,0,9.25,1.92,-0.001,0.45,434.857,616.388,854.64,4,6,0.3081081081081081,11,95.09825199425678,1.0353511909532527,0.1116,0.5363
dynamic_blocked,slip,49,1,0.3,5,0.8304138649843701,0.4352502608660534,collision,0,10.7,2.34,-0.001,0.5,403.435,571.908,758.658,2,4,0.19626168224299065,12,105.8904677996166,1.0898083387736215,0.2069,0.9285
dynamic_blocked,slip,49,1,0.3,6,0.6254994260109724,0.43175168403829317,collision,0,9.0,1.91,-0.004,0.5,532.245,759.927,821.621,2,3,0.5722222222222222,9,84.90173706603798,1.0097537330619368,0.0833,0.5142
dynamic_blocked,slip,49,1,0.3,7,0.7530928246773778,0.5583768803755753,collision,0,9.05,1.92,-0.004,0.45,405.94,475.131,793.195,4,4,0.287292817679558,8,89.96189372877318,1.0081249588913048,0.0988,0.5217
