scenario,config,world,seed,result,success,time_s,path_len_m,min_clear_m,stall_s,omega_sign_flips,mode_switches,branch_selection_fraction,unique_branch_ids,mean_ess,min_ess,mean_path_error_m,max_path_error_m
normal,ideal,4,0,success,1,21.1,9.31,0.098,0.05,7,0,0.0,10,89.4668292011192,1.0175448771367435,0.0914,0.3691
normal,slip,4,0,success,1,23.1,9.26,0.115,0.2,11,0,0.0,8,102.32296470866315,1.0035623864917944,0.0464,0.2124
normal,ideal,4,1,success,1,21.15,9.27,0.1,0.05,11,0,0.0,11,87.6213206098489,1.0067600363175055,0.0784,0.2741
normal,slip,4,1,success,1,22.1,9.28,0.115,0.35,8,0,0.0,7,109.80643908374674,1.003735421918198,0.0458,0.2156
normal,ideal,48,0,success,1,20.0,8.74,0.085,0.05,13,0,0.0,12,89.40682868445936,1.0037630517027196,0.0422,0.1559
normal,slip,48,0,success,1,20.0,8.72,0.107,0.1,16,0,0.0,7,108.54818518082513,1.0027095600847953,0.0255,0.0657
normal,ideal,48,1,success,1,19.85,8.74,0.1,0.05,10,0,0.0,11,89.34082287779255,1.057585080312629,0.047,0.1392
normal,slip,48,1,success,1,19.9,8.72,0.125,0.1,12,0,0.0,7,107.14116479262866,1.0303463537685007,0.0348,0.0998
normal,ideal,49,0,success,1,20.05,8.9,0.1,0.05,4,0,0.0,8,89.27270968447701,1.006155958167833,0.0567,0.1555
normal,slip,49,0,success,1,25.45,8.93,0.031,3.3,10,2,0.003929273084479371,10,85.15901010654947,1.0,0.0487,0.1351
normal,ideal,49,1,success,1,20.15,8.93,0.11,0.05,12,0,0.0,10,89.685344982626,1.008526920738048,0.0539,0.2187
normal,slip,49,1,collision,0,18.55,5.78,-0.0,4.35,18,0,0.0,11,110.47503343843061,1.0,0.0479,0.1175
blocked,ideal,4,0,success,1,22.3,9.71,0.098,0.05,9,6,0.5201793721973094,15,46.72377365754299,1.0,0.3791,1.1726
blocked,slip,4,0,success,1,28.25,9.51,0.102,3.15,18,9,0.39823008849557523,8,59.19240278879612,1.0000181238225048,0.3083,0.9684
blocked,ideal,4,1,success,1,22.75,9.82,0.098,0.05,15,6,0.5208791208791209,13,48.454292517048636,1.0000864979554758,0.388,1.1996
blocked,slip,4,1,success,1,28.0,9.57,0.1,1.9,10,5,0.5714285714285714,8,54.16106294389941,1.0000000031329188,0.3296,1.0174
blocked,ideal,48,0,success,1,29.0,10.43,0.1,0.6,16,6,0.7017241379310345,17,66.9434737254448,1.0000000000082867,0.3634,0.9899
blocked,slip,48,0,success,1,29.95,10.64,0.125,1.15,12,8,0.4340567612687813,13,75.33730890659041,1.0,0.3783,1.0031
blocked,ideal,48,1,success,1,28.1,10.43,0.095,0.05,8,8,0.6797153024911032,19,61.71224781166717,1.0,0.3487,1.0282
blocked,slip,48,1,success,1,36.8,11.5,0.115,2.45,8,13,0.5339673913043478,14,93.13499629486704,1.0,0.3289,0.9874
blocked,ideal,49,0,success,1,26.25,9.63,0.086,0.05,12,7,0.3904761904761905,9,67.34290080228148,1.0000000000065374,0.2311,0.7232
blocked,slip,49,0,success,1,28.5,9.57,0.085,3.65,12,11,0.5543859649122806,18,44.90549937443214,1.000000167096619,0.195,0.9019
blocked,ideal,49,1,success,1,26.4,9.64,0.076,0.05,16,12,0.48863636363636365,10,68.56475339805228,1.0000000070512796,0.2211,0.6482
blocked,slip,49,1,collision,0,18.85,3.74,-0.019,8.55,16,1,0.4297082228116711,11,55.49092794095276,1.0,0.0266,0.0482
dynamic,ideal,4,0,success,1,21.15,9.33,0.095,0.05,17,3,0.026004728132387706,15,31.792034227720023,1.0163915738692095,0.0958,0.3378
dynamic,slip,4,0,success,1,24.2,9.24,0.115,1.0,10,4,0.03512396694214876,13,36.249468385007845,1.002045954380746,0.047,0.1694
dynamic,ideal,4,1,success,1,33.7,11.71,0.009,2.05,15,10,0.19732937685459942,21,79.76305880883781,1.0,0.497,1.73
dynamic,slip,4,1,success,1,23.3,10.26,0.105,0.1,7,4,0.10944206008583691,13,34.151651304158484,1.0,0.2577,0.9095
dynamic,ideal,48,0,collision,0,6.45,2.22,-0.007,0.7,3,2,0.21705426356589147,15,49.34791845892739,1.0,0.2236,0.5353
dynamic,slip,48,0,collision,0,5.8,2.21,-0.001,0.05,3,0,0.0,13,19.07378414357777,1.0000000000005111,0.1434,0.2095
dynamic,ideal,48,1,success,1,20.15,8.86,0.021,0.05,14,4,0.07444168734491315,17,40.51202376359489,1.0007853661010624,0.0894,0.3298
dynamic,slip,48,1,collision,0,4.4,1.44,-0.013,0.05,2,0,0.0,10,89.765641024781,1.000007894680378,0.0289,0.08
dynamic,ideal,49,0,success,1,23.15,9.49,0.095,0.1,9,4,0.08639308855291576,20,33.697968921221516,1.0000000159618336,0.151,0.6954
dynamic,slip,49,0,success,1,29.3,8.96,0.071,6.55,22,8,0.06655290102389079,27,44.00133870492766,1.0000000007540235,0.0492,0.155
dynamic,ideal,49,1,success,1,23.7,9.9,0.087,0.05,14,10,0.35443037974683544,22,40.0191053589579,1.0000011965330635,0.1754,0.836
dynamic,slip,49,1,success,1,24.1,9.63,0.105,0.1,11,17,0.1950207468879668,15,31.277864483124098,1.0002508441875766,0.1752,0.7153
dynamic_blocked,ideal,4,0,success,1,22.35,9.74,0.09,0.1,11,11,0.5212527964205816,15,32.68770948275617,1.0,0.4052,1.1843
dynamic_blocked,slip,4,0,collision,0,10.6,3.54,-0.004,0.3,2,6,0.6037735849056604,15,39.4813812812715,1.0000020252541582,0.1474,0.4337
dynamic_blocked,ideal,4,1,success,1,28.05,10.79,0.091,0.1,16,16,0.5508021390374331,16,29.680081927292278,1.0,0.6071,1.1604
dynamic_blocked,slip,4,1,success,1,29.15,10.22,0.089,2.3,12,18,0.3927958833619211,22,22.869631973035105,1.0,0.6439,1.0843
dynamic_blocked,ideal,48,0,collision,0,6.5,2.2,-0.001,0.65,3,3,0.4076923076923077,9,42.47648965217243,1.0000007626926541,0.2166,0.5168
dynamic_blocked,slip,48,0,collision,0,5.9,2.29,-0.001,0.1,4,1,0.0423728813559322,9,33.06358259375754,1.0,0.2322,0.8034
dynamic_blocked,ideal,48,1,success,1,37.65,12.02,0.099,2.4,18,16,0.6334661354581673,20,65.42408077686518,1.0,0.408,0.9534
dynamic_blocked,slip,48,1,collision,0,6.3,2.2,-0.027,0.45,2,2,0.9285714285714286,12,65.8466780649149,1.0000000000000995,0.0382,0.1266
dynamic_blocked,ideal,49,0,success,1,24.6,9.86,0.098,0.1,11,13,0.46747967479674796,15,44.59647026964421,1.0000000316381246,0.3978,1.1302
dynamic_blocked,slip,49,0,success,1,30.95,10.75,0.059,0.5,11,17,0.38449111470113084,24,38.291089342175376,1.0000000047493787,0.4031,1.1434
dynamic_blocked,ideal,49,1,collision,0,6.95,2.32,-0.009,0.45,6,3,0.8057553956834532,10,25.546155139878678,1.0,0.0172,0.0414
dynamic_blocked,slip,49,1,collision,0,9.2,2.47,-0.001,0.35,2,4,0.15760869565217392,11,67.48596145785075,1.0,0.1668,0.8015
