world,seed,step,state_x,state_y,state_yaw,candidate_count,heuristic_branch,oracle_branch,agrees,utility_regret,heuristic_collision,oracle_collision,avoidable_collision,branch_id,promise,utility,progress_m,minimum_clearance_m,collision,stall_fraction,path_length_m,mean_speed_mps,mean_abs_omega_rps,is_heuristic,is_oracle
0,0,0,-2.25,1.0,1.5707963267948966,3,0,0,1,0.0,0,0,0,0,9.0,7.150001525878906,1.2875003814697266,1.8949999809265137,0,0.0,1.2850003242492676,0.45982142857142855,0.0,1,1
0,0,0,-2.25,1.0,1.5707963267948966,3,0,0,1,0.0,0,0,0,1,9.513236186146589,6.992805480957031,1.2482013702392578,1.6120399236679077,0,0.0,1.2636055946350098,0.45218076037786004,0.2523747889156115,0,0
0,0,0,-2.25,1.0,1.5707963267948966,3,0,0,1,0.0,0,0,0,2,9.513236186146589,6.992805480957031,1.2482013702392578,1.6120399236679077,0,0.0,1.2636055946350098,0.45218076037786004,0.25237478891561166,0,0
0,0,10,-2.2493691444396973,1.0683510303497314,1.5572539567947388,3,0,0,1,0.0,0,0,0,0,8.95,7.467267990112305,1.3668169975280762,1.8945108652114868,0,0.0,1.3534741401672363,0.4881587320359878,0.007073459404834525,1,1
0,0,10,-2.2493691444396973,1.0683510303497314,1.5572539567947388,3,0,0,1,0.0,0,0,0,1,9.463793281809847,7.285696029663086,1.3214240074157715,1.5892372131347656,0,0.0,1.3329665660858154,0.48083440650032705,0.2759820275548221,0,0
0,0,10,-2.2493691444396973,1.0683510303497314,1.5572539567947388,3,0,0,1,0.0,0,0,0,2,9.463793281809847,7.275457382202148,1.318864345550537,1.5645002126693726,0,0.0,1.3325837850570679,0.48069775594556,0.27808929979988783,0,0
0,0,20,-2.247762680053711,1.2233102321624756,1.5650391578674316,3,0,0,1,0.0,0,0,0,0,8.799999999999999,7.587762832641602,1.3969407081604004,1.894482970237732,0,0.0,1.3747185468673706,0.4989092929293397,0.005269078761768749,1,1
0,0,20,-2.247762680053711,1.2233102321624756,1.5650391578674316,3,0,0,1,0.0,0,0,0,1,9.31551287810118,7.387655258178711,1.3469138145446777,1.5646470785140991,0,0.0,1.3535209894180298,0.4913382612790332,0.2801105553387825,0,0
0,0,20,-2.247762680053711,1.2233102321624756,1.5650391578674316,3,0,0,1,0.0,0,0,0,2,9.31551287810118,7.381641387939453,1.3454103469848633,1.5646183490753174,0,0.0,1.3530724048614502,0.49117807682171033,0.28305902444730807,0,0
0,0,30,-2.2470500469207764,1.4506596326828003,1.5666232109069824,3,0,0,1,0.0,0,0,0,0,8.549999999999999,7.599941253662109,1.3999853134155273,1.8944354057312012,0,0.0,1.3749892711639404,0.499996709974128,0.005235958467032617,1,1
0,0,30,-2.2470500469207764,1.4506596326828003,1.5666232109069824,3,0,0,1,0.0,0,0,0,1,9.0685506996768,7.404453277587891,1.3511133193969727,1.5647401809692383,0,0.0,1.3533709049224854,0.4922749036605466,0.27738276968061254,0,0
0,0,30,-2.2470500469207764,1.4506596326828003,1.5666232109069824,3,0,0,1,0.0,0,0,0,2,9.0685506996768,7.399585723876953,1.3498964309692383,1.564458966255188,0,0.0,1.352891445159912,0.4921037149869568,0.2804074968653456,0,0
0,0,40,-2.246227264404297,1.686084270477295,1.5701748132705688,3,0,0,1,0.0,0,0,0,0,8.299999999999999,7.599966049194336,1.399991512298584,1.894463300704956,0,0.0,1.3749946355819702,0.49999737400721955,0.004982434707413459,1,1
0,0,40,-2.246227264404297,1.686084270477295,1.5701748132705688,3,0,0,1,0.0,0,0,0,1,8.82182489730488,7.4066009521484375,1.3516502380371094,1.5883593559265137,0,0.0,1.35304856300354,0.49215967578607894,0.27476721631453266,0,0
0,0,40,-2.246227264404297,1.686084270477295,1.5701748132705688,3,0,0,1,0.0,0,0,0,2,8.82182489730488,7.404384613037109,1.3510961532592773,1.5646584033966064,0,0.0,1.3525645732879639,0.4919864273430684,0.2781279957746573,0,0
0,0,50,-2.2476887702941895,1.9204412698745728,1.5816634893417358,3,0,0,1,0.0,0,0,0,0,8.099999999999998,7.599849700927734,1.3999624252319336,1.8424173593521118,0,0.0,1.3749923706054688,0.49999812717504355,0.004425144772353072,1,1
0,0,50,-2.2476887702941895,1.9204412698745728,1.5816634893417358,3,0,0,1,0.0,0,0,0,1,8.624633442061722,7.384784698486328,1.346196174621582,1.5644280910491943,0,0.0,1.3520324230194092,0.49179730533045063,0.28288648628505453,0,0
0,0,50,-2.2476887702941895,1.9204412698745728,1.5816634893417358,3,0,0,1,0.0,0,0,0,2,8.624633442061722,7.392740249633789,1.3481850624084473,1.564941167831421,0,0.0,1.352027416229248,0.49179538715263676,0.28308186437375177,0,0
0,0,60,-2.2507882118225098,2.1551640033721924,1.582728385925293,3,0,0,1,0.0,0,0,0,0,7.849999999999999,7.599834442138672,1.399958610534668,1.6494357585906982,0,0.0,1.3749865293502808,0.4999941586276453,0.0066773663240487545,1,1
0,0,60,-2.2507882118225098,2.1551640033721924,1.582728385925293,3,0,0,1,0.0,0,0,0,1,8.378408067339434,7.393766403198242,1.3484416007995605,1.564521074295044,0,0.0,1.3528152704238892,0.49207578520995027,0.2827189184155068,0,0
0,0,60,-2.2507882118225098,2.1551640033721924,1.582728385925293,3,0,0,1,0.0,0,0,0,2,8.378408067339434,7.404003143310547,1.3510007858276367,1.5648086071014404,0,0.0,1.353214979171753,0.49221821478576216,0.28029388636305985,0,0
0,0,70,-2.2525317668914795,2.391216993331909,1.5754755735397339,3,0,0,1,0.0,0,0,0,0,7.599999999999999,7.599943161010742,1.3999857902526855,1.4451878070831299,0,0.0,1.374990463256836,0.49999681577911137,0.005152489321386776,1,1
0,0,70,-2.2525317668914795,2.391216993331909,1.5754755735397339,3,0,0,1,0.0,0,0,0,1,8.132511449126646,7.398639678955078,1.3496599197387695,1.468013882637024,0,0.0,1.3522566556930542,0.4918769838695526,0.27877045571122616,0,0
0,0,70,-2.2525317668914795,2.391216993331909,1.5754755735397339,3,0,0,1,0.0,0,0,0,2,8.132511449126646,7.403833389282227,1.3509583473205566,1.5883911848068237,0,0.0,1.3527010679244995,0.4920355278855138,0.2761077575286966,0,0
0,0,80,-2.2537784576416016,2.6261343955993652,1.575737476348877,3,0,0,1,0.0,0,0,0,0,7.349999999999999,7.599922180175781,1.3999805450439453,1.2742911577224731,0,0.0,1.374985933303833,0.4999949066382432,0.00662012740736751,1,1
0,0,80,-2.2537784576416016,2.6261343955993652,1.575737476348877,3,0,0,1,0.0,0,0,0,1,7.886988069905341,7.407308578491211,1.3518271446228027,1.2424722909927368,0,0.0,1.3529632091522217,0.4921293076512657,0.27756586676902983,0,0
0,0,80,-2.2537784576416016,2.6261343955993652,1.575737476348877,3,0,0,1,0.0,0,0,0,2,7.886988069905341,7.413112640380859,1.3532781600952148,1.4996204376220703,0,0.0,1.353538155555725,0.49233448603596036,0.27393352096570367,0,0
0,0,90,-2.25461745262146,2.8628933429718018,1.5749727487564087,3,0,0,1,0.0,0,0,0,0,7.1371066629886615,7.599918365478516,1.399979591369629,1.1210036277770996,0,0.0,1.3749849796295166,0.49999335157999825,0.007648036416587738,1,1
0,0,90,-2.25461745262146,2.8628933429718018,1.5749727487564087,3,0,0,1,0.0,0,0,0,1,7.678240449430755,7.3915557861328125,1.3478889465332031,1.0478726625442505,0,0.0,1.3514708280563354,0.49159563667185846,0.28397766056457285,0,0
0,0,90,-2.25461745262146,2.8628933429718018,1.5749727487564087,3,0,0,1,0.0,0,0,0,2,7.678240449430755,7.397695541381836,1.349423885345459,1.3774555921554565,0,0.0,1.3521738052368164,0.491846635663505,0.2797823381499823,0,0
0,0,100,-2.2545323371887207,3.0966711044311523,1.565800428390503,3,0,0,1,0.0,0,0,0,0,6.903328901529311,7.560769557952881,1.3999853134155273,0.9804141521453857,0,0.0,1.3749983310699463,0.4999982624476207,0.004630259009297997,1,1
0,0,100,-2.2545323371887207,3.0966711044311523,1.565800428390503,3,0,0,1,0.0,0,0,0,1,7.449416669100316,7.400545120239258,1.3501362800598145,1.2649158239364624,0,0.0,1.3536549806594849,0.4923766327848168,0.2763995130605043,0,0
0,0,100,-2.2545323371887207,3.0966711044311523,1.565800428390503,3,0,0,1,0.0,0,0,0,2,7.673574509990706,7.155574798583984,1.288893699645996,1.287063717842102,0,0.0,1.3518779277801514,0.4917417297255503,0.3002137139239939,0,0
0,0,110,-2.252551555633545,3.3315727710723877,1.560703992843628,3,0,1,0,0.014986038208007812,0,0,0,0,6.668427205085753,7.382318496704102,1.3999648094177246,0.8912296295166016,0,0.0,1.3749921321868896,0.49999854443623243,0.004011627532480011,1,0
0,0,110,-2.252551555633545,3.3315727710723877,1.560703992843628,3,0,1,0,0.014986038208007812,0,0,0,1,7.219975187888734,7.397304534912109,1.3493261337280273,1.1157089471817017,0,0.0,1.353463053703308,0.49230806038716324,0.2780911392384911,0,1
0,0,110,-2.252551555633545,3.3315727710723877,1.560703992843628,3,0,1,0,0.014986038208007812,0,0,0,2,7.447591756983556,7.148883819580078,1.2872209548950195,1.2229912281036377,0,0.0,1.3518120050430298,0.4917181918713158,0.30013620596319107,0,0
0,0,120,-2.247971534729004,3.5667917728424072,1.539040207862854,3,0,0,1,0.0,0,0,0,0,6.433208203315734,7.294357776641846,1.399648666381836,0.8478814959526062,0,0.0,1.3748679161071777,0.4999474485032918,0.019098565476307245,1,1
0,0,120,-2.247971534729004,3.5667917728424072,1.539040207862854,3,0,0,1,0.0,0,0,0,1,6.990781456641738,7.221529006958008,1.3462371826171875,0.9182900190353394,0,0.0,1.3527088165283203,0.49203302067158844,0.2941970362995499,0,0
0,0,120,-2.247971534729004,3.5667917728424072,1.539040207862854,3,0,0,1,0.0,0,0,0,2,7.222163320071585,7.138147354125977,1.2845368385314941,1.0597083568572998,0,0.0,1.353719711303711,0.49239356700366993,0.29867842411816586,0,0
0,0,130,-2.236734628677368,3.802140474319458,1.5156067609786987,3,0,2,0,0.09011697769165039,0,0,0,0,6.240597161027917,6.848772048950195,1.3988347053527832,0.6267166137695312,0,0.0,1.374451756477356,0.4997695841509239,0.04123426803561438,1,0
0,0,130,-2.236734628677368,3.802140474319458,1.5156067609786987,3,0,2,0,0.09011697769165039,0,0,0,1,6.828876400431351,6.851536750793457,1.3298754692077637,0.7660173177719116,0,0.0,1.3507856130599976,0.4913170995155814,0.3299352194157691,0,0
0,0,130,-2.236734628677368,3.802140474319458,1.5156067609786987,3,0,2,0,0.09011697769165039,0,0,0,2,7.070655322415709,6.938889026641846,1.266141414642334,0.9371616244316101,0,0.0,1.3553117513656616,0.49296249016643395,0.283593394467484,0,1
0,0,140,-2.2231340408325195,4.037112236022949,1.509556531906128,3,0,2,0,0.17296552658081055,0,0,0,0,6.007465249518161,6.378640651702881,1.3981270790100098,0.3930661976337433,0,0.0,1.374867558479309,0.49995271828016186,0.023596888824267376,1,0
0,0,140,-2.2231340408325195,4.037112236022949,1.509556531906128,3,0,2,0,0.17296552658081055,0,0,0,1,6.458560849826082,6.377061367034912,1.361752986907959,0.4650246798992157,0,0.0,1.3523013591766357,0.4918929715978555,0.27856468851227184,0,0
0,0,140,-2.2231340408325195,4.037112236022949,1.509556531906128,3,0,2,0,0.17296552658081055,0,0,0,2,6.616934835100068,6.551606178283691,1.3289837837219238,0.6178354620933533,0,0.0,1.3541345596313477,0.4925480285955981,0.29390057424497024,0,1
0,0,150,-2.2054641246795654,4.272067546844482,1.4861263036727905,3,0,1,0,0.19232845306396484,0,0,0,0,5.844781412565385,5.98071813583374,1.3938584327697754,0.2026422619819641,0,0.0,1.3712953329086304,0.49865424664932295,0.03961801373814706,1,0
0,0,150,-2.2054641246795654,4.272067546844482,1.4861263036727905,3,0,1,0,0.19232845306396484,0,0,0,1,6.254957587461218,6.173046588897705,1.3542089462280273,0.3781053423881531,0,0.0,1.3537507057189941,0.49238894507505165,0.28119686894931045,0,1
0,0,150,-2.2054641246795654,4.272067546844482,1.4861263036727905,3,0,1,0,0.19232845306396484,0,0,0,2,6.2946496449121785,5.8657402992248535,1.3423576354980469,0.24815481901168823,0,0.0,1.3513387441635132,0.49152726722047113,0.3239751433744238,0,0
0,0,160,-2.1833813190460205,4.505070209503174,1.464674472808838,3,0,2,0,0.5240631103515625,0,0,0,0,5.719621527939517,5.53886604309082,1.3282923698425293,0.112848199903965,0,0.0,1.306471586227417,0.4754285549469053,0.08316628106373801,1,0
0,0,160,-2.1833813190460205,4.505070209503174,1.464674472808838,3,0,2,0,0.5240631103515625,0,0,0,1,6.104886084788329,5.311163902282715,1.2879180908203125,0.07974574714899063,0,0.0,1.3096222877502441,0.4765533672278909,0.3365813910138045,0,0
0,0,160,-2.1833813190460205,4.505070209503174,1.464674472808838,3,0,2,0,0.5240631103515625,0,0,0,2,6.17154979593794,6.062929153442383,1.3156495094299316,0.4001656472682953,0,0.0,1.3483315706253052,0.4903785123998423,0.36009304677601905,0,1
0,0,170,-2.154726505279541,4.737596035003662,1.4312838315963745,2,0,0,1,0.0,0,0,0,0,5.754095979985088,5.292170524597168,1.2328267097473145,0.18043185770511627,0,0.0,1.221825361251831,0.44522300259100345,0.22777179533957362,1,1
0,0,170,-2.154726505279541,4.737596035003662,1.4312838315963745,2,0,0,1,0.0,0,0,0,1,5.903557328308828,-15.380637168884277,1.1761651039123535,-0.042648859322071075,1,0.0,1.2170021533966064,0.4432529295432769,0.3690860141863377,0,0
0,0,180,-2.1150946617126465,4.966300964355469,1.3710503578186035,2,0,0,1,0.0,0,0,0,0,5.623512397510892,5.013152599334717,1.1396737098693848,0.2272287905216217,0,0.0,1.1496772766113281,0.4194101350142635,0.3144529300941984,1,1
0,0,180,-2.1150946617126465,4.966300964355469,1.3710503578186035,2,0,0,1,0.0,0,0,0,1,5.704616762483197,-16.065319061279297,1.004194736480713,-0.041048914194107056,1,0.0,1.0905838012695312,0.39692428653922135,0.5071130112669772,0,0
0,0,190,-2.058974027633667,5.1887946128845215,1.2794153690338135,2,0,0,1,0.0,0,0,0,0,5.474903801586302,4.884487152099609,1.0735833644866943,0.2950768768787384,0,0.0,1.1201729774475098,0.4086692029955749,0.4022345385919053,1,1
0,0,190,-2.058974027633667,5.1887946128845215,1.2794153690338135,2,0,0,1,0.0,0,0,0,1,5.653235114155887,-17.34522819519043,0.7403202056884766,-0.08182632178068161,1,0.0714285746216774,0.9432612061500549,0.34432130766827523,0.8806402789227245,0,0
0,0,200,-1.9834946393966675,5.403267860412598,1.1931160688400269,2,0,0,1,0.0,0,0,0,0,5.25879062737379,4.449707508087158,1.0498371124267578,0.12517960369586945,0,0.0,1.154522180557251,0.4204853980583854,0.46454447152233824,1,1
0,0,200,-1.9834946393966675,5.403267860412598,1.1931160688400269,2,0,0,1,0.0,0,0,0,1,5.606729741113355,-18.26496124267578,0.555077075958252,-0.09977731108665466,1,0.1428571492433548,0.8586481809616089,0.31431729929025704,1.0353185301424228,0,0
0,0,210,-1.8881758451461792,5.613252639770508,1.1050195693969727,3,0,0,1,0.0,1,1,0,0,5.643754976615784,-18.702775955200195,0.44924402236938477,-0.07130392640829086,1,0.1785714328289032,0.7216841578483582,0.2646049008737315,0.8561134030683194,1,1
0,0,210,-1.8881758451461792,5.613252639770508,1.1050195693969727,3,0,0,1,0.0,1,1,0,1,7.905386667206749,-18.738059997558594,0.4423797130584717,-0.07521730661392212,1,0.1785714328289032,0.7225950956344604,0.26493028701046406,0.8761707718242425,0,0
0,0,210,-1.8881758451461792,5.613252639770508,1.1050195693969727,3,0,0,1,0.0,1,1,0,2,8.546169774284396,-19.09031105041504,0.3598146438598633,-0.08621335029602051,1,0.1785714328289032,0.7899938225746155,0.28900143285172397,1.0350205636028567,0,0
0,0,220,-1.7956490516662598,5.77312707901001,0.9943364262580872,3,0,1,0,0.007259368896484375,1,1,0,0,5.668081777033871,-18.920515060424805,0.4096710681915283,-0.06531403958797455,1,0.2142857313156128,0.6027026176452637,0.22010812473264552,0.864533432974263,1,0
0,0,220,-1.7956490516662598,5.77312707901001,0.9943364262580872,3,0,1,0,0.007259368896484375,1,1,0,1,7.720757717741958,-18.91325569152832,0.4032731056213379,-0.04888782650232315,1,0.2142857313156128,0.6044974327087402,0.22074920246667853,0.920079866013291,0,1
0,0,220,-1.7956490516662598,5.77312707901001,0.9943364262580872,3,0,1,0,0.007259368896484375,1,1,0,2,8.365801753073002,-19.181720733642578,0.3385200500488281,-0.05361418426036835,1,0.2142857313156128,0.6557248830795288,0.239044584242652,1.063885528549059,0,0
0,0,230,-1.7335407733917236,5.858493328094482,0.8877151608467102,3,0,1,0,20.05132508277893,1,0,1,0,5.686579378567413,-19.031518936157227,0.4008450508117676,-0.03173590078949928,1,0.2857142984867096,0.554192304611206,0.19953742990783102,0.8887353645465101,1,0
0,0,230,-1.7335407733917236,5.858493328094482,0.8877151608467102,3,0,1,0,20.05132508277893,1,0,1,1,7.730175562174177,1.019806146621704,0.3948822021484375,0.005853017792105675,0,0.2857142984867096,0.5545600652694702,0.19966871176444845,0.950529022171407,0,1
0,0,230,-1.7335407733917236,5.858493328094482,0.8877151608467102,3,0,1,0,20.05132508277893,1,0,1,2,8.27647408264383,-19.680810928344727,0.26467132568359375,-0.030462201684713364,1,0.3392857313156128,0.6112210154533386,0.2199048583425121,1.1151355745537048,0,0
0,0,240,-1.7070266008377075,5.888281345367432,0.7941977381706238,3,0,0,1,0.0,1,1,0,0,5.752035796345618,-18.996479034423828,0.40877270698547363,-0.012213325127959251,1,0.3035714328289032,0.5526623725891113,0.19737938555257115,0.916198036763782,1,1
0,0,240,-1.7070266008377075,5.888281345367432,0.7941977381706238,3,0,0,1,0.0,1,1,0,1,7.697611496113026,-19.012521743774414,0.4017922878265381,-0.006274047307670116,1,0.3035714328289032,0.5527147054672241,0.19739834060984288,0.9831677781787143,0,0
0,0,240,-1.7070266008377075,5.888281345367432,0.7941977381706238,3,0,0,1,0.0,1,1,0,2,8.311147199963255,-19.840694427490234,0.24269652366638184,-0.030740704387426376,1,0.3750000298023224,0.6105446219444275,0.21805177336659698,1.154467417729941,0,0
0,0,250,-1.6938682794570923,5.900911808013916,0.7412699460983276,3,0,0,1,0.0,1,1,0,0,5.735855015030605,-18.95429229736328,0.41657090187072754,-0.006716580130159855,1,0.3035714328289032,0.5560889840126038,0.19860320279640428,0.9340772706555506,1,1
0,0,250,-1.6938682794570923,5.900911808013916,0.7412699460983276,3,0,0,1,0.0,1,1,0,1,7.681734627964493,-18.98143196105957,0.4101450443267822,-0.007434588856995106,1,0.3035714328289032,0.5570559501647949,0.19894857507636377,1.0026671908669658,0,0
0,0,250,-1.6938682794570923,5.900911808013916,0.7412699460983276,3,0,0,1,0.0,1,1,0,2,8.295992555398596,-19.858741760253906,0.25057244300842285,-0.05551581084728241,1,0.3750000298023224,0.611459493637085,0.2183784678917029,1.1723988986461067,0,0
0,0,260,-1.679636836051941,5.913704872131348,0.7310608625411987,3,0,0,1,0.0,1,1,0,0,5.745959476168295,-18.91254997253418,0.4204096794128418,-0.011379940435290337,1,0.2857142984867096,0.5664770603179932,0.20231284070359523,0.9679789651084688,1,1
0,0,260,-1.679636836051941,5.913704872131348,0.7310608625411987,3,0,0,1,0.0,1,1,0,1,7.692654756431857,-18.939104080200195,0.4164273738861084,-0.016693096607923508,1,0.2857142984867096,0.5659699440002441,0.2021318918189882,1.0111752346867973,0,0
0,0,260,-1.679636836051941,5.913704872131348,0.7310608625411987,3,0,0,1,0.0,1,1,0,2,8.289784545692381,-20.184646606445312,0.19214487075805664,-0.08375588059425354,1,0.392857164144516,0.6383072733879089,0.22796713817380018,1.1946101696764226,0,0
0,0,270,-1.6646455526351929,5.927674770355225,0.7717124223709106,3,0,0,1,0.0,1,1,0,0,5.728025381245721,-18.842370986938477,0.4270198345184326,-0.007367314770817757,1,0.267857164144516,0.5794786810874939,0.20695645888968212,0.9547538861525506,1,1
0,0,270,-1.6646455526351929,5.927674770355225,0.7717124223709106,3,0,0,1,0.0,1,1,0,1,7.675036014577781,-18.874439239501953,0.42296671867370605,-0.015295155346393585,1,0.267857164144516,0.5818099975585938,0.20778922392363647,1.0054013294417614,0,0
0,0,270,-1.6646455526351929,5.927674770355225,0.7717124223709106,3,0,0,1,0.0,1,1,0,2,8.273093367596452,-20.103530883789062,0.19099688529968262,-0.05875914543867111,1,0.3750000298023224,0.6701698303222656,0.23934619829803294,1.1817247687763657,0,0
0,0,280,-1.650776982307434,5.942154884338379,0.8405302166938782,3,0,0,1,0.0,1,1,0,0,5.811955777309216,-18.791051864624023,0.4311089515686035,-0.007743426598608494,1,0.25,0.5926789045333862,0.21167119009802,0.9317143589730037,1,1
0,0,280,-1.650776982307434,5.942154884338379,0.8405302166938782,3,0,0,1,0.0,1,1,0,1,7.726014771269545,-18.828968048095703,0.4245915412902832,-0.01366729661822319,1,0.25,0.5918360352516174,0.21137027378428172,0.9858406978985003,0,0
0,0,280,-1.650776982307434,5.942154884338379,0.8405302166938782,3,0,0,1,0.0,1,1,0,2,8.32588078445969,-20.373905181884766,0.14841318130493164,-0.10877936333417892,1,0.3750000298023224,0.6925427317619324,0.24733685008933604,1.164524112919168,0,0
0,0,290,-1.638637900352478,5.957020282745361,0.9265366792678833,3,0,0,1,0.0,1,1,0,0,5.79405737508384,-18.75303840637207,0.43155813217163086,-0.007492746226489544,1,0.2321428656578064,0.6028962135314941,0.21532012289177432,0.9008086256847262,1,1
0,0,290,-1.638637900352478,5.957020282745361,0.9265366792678833,3,0,0,1,0.0,1,1,0,1,7.708384137043675,-18.79414939880371,0.4243626594543457,-0.013657849282026291,1,0.2321428656578064,0.6029089689254761,0.21532474361626028,0.9594811016601091,0,0
0,0,290,-1.638637900352478,5.957020282745361,0.9265366792678833,3,0,0,1,0.0,1,1,0,2,8.308931530103424,-20.37516212463379,0.1391463279724121,-0.10873167216777802,1,0.3571428656578064,0.7220741510391235,0.25788359602600913,1.1354456880562989,0,0
0,0,300,-1.6266449689865112,5.974987506866455,1.0388189554214478,3,0,0,1,0.0,1,1,0,0,5.8025560053094125,-18.736122131347656,0.4290156364440918,-0.02966449409723282,1,0.196428582072258,0.618048906326294,0.22073154416035848,0.88667236911784,1,1
0,0,300,-1.6266449689865112,5.974987506866455,1.0388189554214478,3,0,0,1,0.0,1,1,0,1,7.687820361738591,-18.763988494873047,0.4245114326477051,-0.03458915650844574,1,0.196428582072258,0.6196216344833374,0.2212932705981385,0.926822892234586,0,0
0,0,300,-1.6266449689865112,5.974987506866455,1.0388189554214478,3,0,0,1,0.0,1,1,0,2,8.288980834520654,-20.36419105529785,0.12403440475463867,-0.10873635113239288,1,0.3214285969734192,0.7629530429840088,0.27248347571684484,1.0964615470069867,0,0
0,0,310,-1.6184974908828735,5.992155075073242,1.204232931137085,3,0,2,0,18.04681086540222,1,0,1,0,5.849736295112132,-18.70815086364746,0.42051124572753906,-0.03438374027609825,1,0.1607142984867096,0.6331892609596252,0.22613912777432107,0.8303756606186908,1,0
0,0,310,-1.6184974908828735,5.992155075073242,1.204232931137085,3,0,2,0,18.04681086540222,1,0,1,1,7.674636214122781,-18.72454833984375,0.4100916385650635,-0.021743424236774445,1,0.1607142984867096,0.6409528255462646,0.2289118149218971,0.8992894069176361,0,0
0,0,310,-1.6184974908828735,5.992155075073242,1.204232931137085,3,0,2,0,18.04681086540222,1,0,1,2,8.28068389104176,-0.6613399982452393,-0.024947166442871094,0.05851006880402565,0,0.3392857313156128,0.7671275734901428,0.2739743256890544,1.0898934277304202,0,1
0,0,320,-1.6159406900405884,6.003913879394531,1.5691722631454468,3,0,2,0,17.85007381439209,1,0,1,0,5.837750415509568,-18.541519165039062,0.40087151527404785,-0.036788210272789,1,0.0357142873108387,0.6705765128135681,0.23949151370884159,0.7155537439265123,1,0
0,0,320,-1.6159406900405884,6.003913879394531,1.5691722631454468,3,0,2,0,17.85007381439209,1,0,1,1,7.662617804828429,-18.65235710144043,0.38566136360168457,-0.06178692728281021,1,0.0357142873108387,0.6847550272941589,0.24455515629653285,0.7859886312265186,0,0
0,0,320,-1.6159406900405884,6.003913879394531,1.5691722631454468,3,0,2,0,17.85007381439209,1,0,1,2,8.268659506941113,-0.6914453506469727,-0.11416149139404297,0.09688602387905121,0,0.2142857313156128,0.9308425784111023,0.3324439701342156,0.983114629361614,0,1
0,0,330,-1.6230441331863403,6.0204997062683105,2.2226552963256836,3,0,2,0,18.06378149986267,1,0,1,0,5.824063739193936,-19.0482120513916,0.25635409355163574,-0.03681419789791107,1,0.0,0.6740118861198425,0.24247701453206866,0.5022933586031083,1,0
0,0,330,-1.6230441331863403,6.0204997062683105,2.2226552963256836,3,0,2,0,18.06378149986267,1,0,1,1,7.648476224518934,-19.20635414123535,0.2434694766998291,-0.09011617302894592,1,0.0,0.683438241481781,0.2458433641398209,0.5496421192940549,0,0
0,0,330,-1.6230441331863403,6.0204997062683105,2.2226552963256836,3,0,2,0,18.06378149986267,1,0,1,2,8.253572132555663,-0.9844305515289307,-0.2851123809814453,0.16729521751403809,0,0.0892857164144516,1.1123675107955933,0.39727413060947425,0.7735403139544526,0,1
0,0,340,-1.658940076828003,6.039093017578125,2.8727989196777344,3,0,2,0,18.2254798412323,1,0,1,0,5.858834917915677,-19.990236282348633,0.04920148849487305,-0.09352070093154907,1,0.0,0.6737332344055176,0.24381928298077474,0.273053172479287,1,0
0,0,340,-1.658940076828003,6.039093017578125,2.8727989196777344,3,0,2,0,18.2254798412323,1,0,1,1,7.709004649619167,-20.069583892822266,0.019046783447265625,-0.07288581132888794,1,0.0,0.6966347098350525,0.2519983820681237,0.3628835344955669,0,0
0,0,340,-1.658940076828003,6.039093017578125,2.8727989196777344,3,0,2,0,18.2254798412323,1,0,1,2,8.241706370672413,-1.764756441116333,-0.5009627342224121,0.1195472776889801,0,0.0,1.2690116167068481,0.4560207534570569,0.5454650131543521,0,1
0,0,350,-1.768513560295105,6.033624649047852,3.3862125873565674,3,0,0,1,0.0,0,0,0,0,5.667499426608515,-0.3573372960090637,-0.13416576385498047,0.08966287225484848,0,0.0,0.6875441670417786,0.25111850925613777,0.33050516511944383,1,1
0,0,350,-1.768513560295105,6.033624649047852,3.3862125873565674,3,0,0,1,0.0,0,0,0,1,7.676098412651404,-0.6183205246925354,-0.21367740631103516,0.11819454282522202,0,0.0,0.7447696924209595,0.2715559214873634,0.45376795373707157,0,0
0,0,350,-1.768513560295105,6.033624649047852,3.3862125873565674,3,0,0,1,0.0,0,0,0,2,8.268036569214125,-2.805880069732666,-0.7367749214172363,0.07060985267162323,0,0.0,1.296966791152954,0.4687698960857166,0.3283618858203723,0,0
0,0,360,-1.920184850692749,5.954054832458496,3.776559591293335,3,0,0,1,0.0,0,0,0,0,5.563870082504907,-0.4216296970844269,-0.2212824821472168,0.23175011575222015,0,0.0,0.6397102475166321,0.2346807423615195,0.38813465712588086,1,1
0,0,360,-1.920184850692749,5.954054832458496,3.776559591293335,3,0,0,1,0.0,0,0,0,1,7.788832196254129,-1.0305252075195312,-0.3755812644958496,0.23589995503425598,0,0.0,0.7687506079673767,0.280766140938168,0.4883685665736923,0,0
0,0,360,-1.920184850692749,5.954054832458496,3.776559591293335,3,0,0,1,0.0,0,0,0,2,8.36820456454142,-2.9134552478790283,-0.8524422645568848,0.24815694987773895,0,0.0,1.2461414337158203,0.45273304415552246,0.0786401218432143,0,0
0,0,370,-2.0433740615844727,5.838449954986572,3.980853796005249,2,0,0,1,0.0,0,0,0,0,5.399405178883018,-0.4003496766090393,-0.25533580780029297,0.3104967772960663,0,0.0,0.6828291416168213,0.24848779816749497,0.4277605453098317,1,1
0,0,370,-2.0433740615844727,5.838449954986572,3.980853796005249,2,0,0,1,0.0,0,0,0,1,8.086978251951475,-1.7970564365386963,-0.5366530418395996,0.17477785050868988,0,0.0,0.9017422795295715,0.3266714624540282,0.4974228042357088,0,0
0,0,400,-2.3589208126068115,5.630222797393799,3.306063175201416,2,0,0,1,0.0,1,1,0,0,5.183578131087826,-18.885961532592773,0.377871036529541,-0.09158075600862503,1,0.1071428656578064,0.450748473405838,0.16700453799798762,0.9386497853653852,1,1
0,0,400,-2.3589208126068115,5.630222797393799,3.306063175201416,2,0,0,1,0.0,1,1,0,1,5.206018910061303,-19.860532760620117,0.03991127014160156,-0.010089273564517498,1,0.0,0.6877349019050598,0.25283877674946215,0.35284515126644883,0,0
0,0,410,-2.5823512077331543,5.636253833770752,2.947570323944092,3,0,0,1,0.0,0,0,0,0,4.969127622279117,0.8398404121398926,0.1581277847290039,0.10366463661193848,0,0.0,0.5088425874710083,0.18868731088251675,0.22673994301814826,1,1
0,0,410,-2.5823512077331543,5.636253833770752,2.947570323944092,3,0,0,1,0.0,0,0,0,1,5.326660694197365,-18.968290328979492,0.35192012786865234,-0.08084343373775482,1,0.1071428656578064,0.40984487533569336,0.15333097176717378,0.9372276876094114,0,0
0,0,410,-2.5823512077331543,5.636253833770752,2.947570323944092,3,0,0,1,0.0,0,0,0,2,7.883597500924062,-19.027263641357422,0.3753542900085449,-0.06791242212057114,1,0.196428582072258,0.5344309210777283,0.19782604670259904,1.1244146631703609,0,0
0,0,420,-2.802264928817749,5.718250274658203,2.6782214641571045,3,0,0,1,0.0,0,0,0,0,4.762476559081916,0.9971667528152466,0.19090747833251953,0.11676843464374542,0,0.0,0.3885561525821686,0.1463598966866206,0.200241432838615,1,1
0,0,420,-2.802264928817749,5.718250274658203,2.6782214641571045,3,0,0,1,0.0,0,0,0,1,5.488731519824022,-19.68088150024414,0.23549461364746094,-0.11500217020511627,1,0.196428582072258,0.34318864345550537,0.13015728298763665,1.068066215300997,0,0
0,0,420,-2.802264928817749,5.718250274658203,2.6782214641571045,3,0,0,1,0.0,0,0,0,2,7.601583669047262,-19.69234848022461,0.23262786865234375,-0.11500217020511627,1,0.196428582072258,0.34394848346710205,0.13042874922078226,1.031402985354507,0,0
0,0,430,-3.001493453979492,5.843959808349609,2.501542568206787,2,0,0,1,0.0,0,0,0,0,4.546759839367965,1.000495433807373,0.19603490829467773,0.10817791521549225,0,0.0,0.3018861711025238,0.11525416117632832,0.21391401907572075,1,1
0,0,430,-3.001493453979492,5.843959808349609,2.501542568206787,2,0,0,1,0.0,0,0,0,1,4.782927874764951,1.000495433807373,0.19603490829467773,0.10817791521549225,0,0.0,0.3018861711025238,0.11525416117632832,0.21391401907572075,0,0
0,0,440,-3.1713361740112305,5.996799945831299,2.323599338531494,2,0,0,1,0.0,0,0,0,0,4.35445253798544,1.1550372838974,0.24429583549499512,0.08892696350812912,0,0.0,0.30512991547584534,0.1159766599059604,0.23364517179777208,1,1
0,0,440,-3.1713361740112305,5.996799945831299,2.323599338531494,2,0,0,1,0.0,0,0,0,1,4.631866620510183,1.1550372838974,0.24429583549499512,0.08892696350812912,0,0.0,0.30512991547584534,0.1159766599059604,0.23364517179777208,0,0
0,0,450,-3.3101446628570557,6.177981853485107,2.141737937927246,2,0,1,0,0.012200355529785156,0,0,0,0,4.139850433184092,1.7989600896835327,0.4052145481109619,0.08905095607042313,0,0.0,0.4503670334815979,0.16832482579127866,0.2542890310881552,1,0
0,0,450,-3.3101446628570557,6.177981853485107,2.141737937927246,2,0,1,0,0.012200355529785156,0,0,0,1,4.4641473842110635,1.8111604452133179,0.4082646369934082,0.08905095607042313,0,0.0,0.45002156496047974,0.1682012182659553,0.29272943909789095,0,1
0,0,460,-3.4100873470306396,6.383628845214844,1.9175283908843994,2,0,1,0,19.729264736175537,1,0,1,0,3.9876104742138705,-17.036603927612305,0.7433643341064453,-0.005030841566622257,1,0.0,0.8217543959617615,0.30077307422432414,0.18049340319558244,1,0
0,0,460,-3.4100873470306396,6.383628845214844,1.9175283908843994,2,0,1,0,19.729264736175537,1,0,1,1,4.2708782154454745,2.6926608085632324,0.6021566390991211,0.1420171558856964,0,0.0,0.6129593253135681,0.22620313576479817,0.37689864008212187,0,1
0,0,470,-3.457639455795288,6.60897159576416,1.6624131202697754,3,0,1,0,20.994298458099365,1,0,1,0,3.7982183967582097,-17.244260787963867,0.7108235359191895,-0.04377709701657295,1,0.0,0.747042179107666,0.27414115469229977,0.15172488653779367,1,0
0,0,470,-3.457639455795288,6.60897159576416,1.6624131202697754,3,0,1,0,20.994298458099365,1,0,1,1,4.1032817592133135,3.750037670135498,0.8239359855651855,0.22714689373970032,0,0.0,0.8128620982170105,0.2976479495704467,0.3194428755096067,0,1
0,0,470,-3.457639455795288,6.60897159576416,1.6624131202697754,3,0,1,0,20.994298458099365,1,0,1,2,5.8186839281926055,-20.30852699279785,0.06468582153320312,-0.08720721304416656,1,0.196428582072258,0.36356011033058167,0.13718274690624485,1.1144083545629297,0,0
0,0,480,-3.4456424713134766,6.8405232429504395,1.4052573442459106,3,0,1,0,1.690274715423584,0,0,0,0,3.573923987898266,2.7150745391845703,0.650925874710083,0.055685561150312424,0,0.0,0.6468707919120789,0.23847632928616871,0.27604135360875587,1,0
0,0,480,-3.4456424713134766,6.8405232429504395,1.4052573442459106,3,0,1,0,1.690274715423584,0,0,0,1,3.879843429475388,4.405349254608154,1.0341167449951172,0.1344410479068756,0,0.0,1.023650050163269,0.373040478409461,0.22880965922168883,0,1
0,0,480,-3.4456424713134766,6.8405232429504395,1.4052573442459106,3,0,1,0,1.690274715423584,0,0,0,2,4.227806277426031,3.3688790798187256,0.7312614917755127,0.2219165861606598,0,0.0,0.747431755065918,0.27439083884034804,0.38927925164708493,0,0
0,0,490,-3.3749661445617676,7.058706760406494,1.1410971879959106,3,0,1,0,0.9424364566802979,0,0,0,0,3.3245530684013382,2.9557905197143555,0.6612882614135742,0.15531869232654572,0,0.0,0.6467480659484863,0.2382557926285481,0.4070450756773673,1,0
0,0,490,-3.3749661445617676,7.058706760406494,1.1410971879959106,3,0,1,0,0.9424364566802979,0,0,0,1,3.6336116766298687,3.8982269763946533,0.9107575416564941,0.12759840488433838,0,0.0,0.9029502868652344,0.3297564697967907,0.2516273242156756,0,1
0,0,490,-3.3749661445617676,7.058706760406494,1.1410971879959106,3,0,1,0,0.9424364566802979,0,0,0,2,3.9522745172212947,3.470017194747925,0.7364728450775146,0.2620628774166107,0,0.0,0.785053014755249,0.28764983485445467,0.2909889186131043,0,0
0,0,500,-3.2538700103759766,7.254148483276367,0.9264810681343079,3,0,1,0,0.7372407913208008,0,0,0,0,3.1068328604873514,3.1340909004211426,0.7478399276733398,0.07136556506156921,0,0.0,0.7401524782180786,0.27168869739724005,0.47212842564870766,1,0
0,0,500,-3.2538700103759766,7.254148483276367,0.9264810681343079,3,0,1,0,0.7372407913208008,0,0,0,1,3.761379618287828,3.8713316917419434,0.824782133102417,0.2861015498638153,0,0.0,0.9221614003181458,0.33669164017290104,0.14660394028565474,0,1
0,0,500,-3.2538700103759766,7.254148483276367,0.9264810681343079,3,0,1,0,0.7372407913208008,0,0,0,2,4.141559215797374,2.284125328063965,0.4868192672729492,0.16842412948608398,0,0.0,0.608304500579834,0.2245999687289087,0.3473556181974022,0,0
7,0,0,-2.25,1.0,1.5707963267948966,3,0,0,1,0.0,0,0,0,0,9.0,7.150001525878906,1.2875003814697266,1.8949999809265137,0,0.0,1.2850003242492676,0.45982142857142855,0.0,1,1
7,0,0,-2.25,1.0,1.5707963267948966,3,0,0,1,0.0,0,0,0,1,9.513236186146589,6.992805480957031,1.2482013702392578,1.6120399236679077,0,0.0,1.2636055946350098,0.45218076037786004,0.2523747889156115,0,0
7,0,0,-2.25,1.0,1.5707963267948966,3,0,0,1,0.0,0,0,0,2,9.513236186146589,6.992805480957031,1.2482013702392578,1.6120399236679077,0,0.0,1.2636055946350098,0.45218076037786004,0.25237478891561166,0,0
7,0,10,-2.2493691444396973,1.0683510303497314,1.5572539567947388,3,0,0,1,0.0,0,0,0,0,8.95,7.467267990112305,1.3668169975280762,1.8945108652114868,0,0.0,1.3534741401672363,0.4881587320359878,0.007073459404834525,1,1
7,0,10,-2.2493691444396973,1.0683510303497314,1.5572539567947388,3,0,0,1,0.0,0,0,0,1,9.463793281809847,7.285696029663086,1.3214240074157715,1.5892372131347656,0,0.0,1.3329665660858154,0.48083440650032705,0.2759820275548221,0,0
7,0,10,-2.2493691444396973,1.0683510303497314,1.5572539567947388,3,0,0,1,0.0,0,0,0,2,9.463793281809847,7.275457382202148,1.318864345550537,1.5645002126693726,0,0.0,1.3325837850570679,0.48069775594556,0.27808929979988783,0,0
7,0,20,-2.247762680053711,1.2233102321624756,1.5650391578674316,3,0,0,1,0.0,0,0,0,0,8.799999999999999,7.587762832641602,1.3969407081604004,1.894482970237732,0,0.0,1.3747185468673706,0.4989092929293397,0.005269078761768749,1,1
7,0,20,-2.247762680053711,1.2233102321624756,1.5650391578674316,3,0,0,1,0.0,0,0,0,1,9.31551287810118,7.387655258178711,1.3469138145446777,1.5646470785140991,0,0.0,1.3535209894180298,0.4913382612790332,0.2801105553387825,0,0
7,0,20,-2.247762680053711,1.2233102321624756,1.5650391578674316,3,0,0,1,0.0,0,0,0,2,9.31551287810118,7.381641387939453,1.3454103469848633,1.5646183490753174,0,0.0,1.3530724048614502,0.49117807682171033,0.28305902444730807,0,0
7,0,30,-2.2470500469207764,1.4506596326828003,1.5666232109069824,3,0,0,1,0.0,0,0,0,0,8.549999999999999,7.599941253662109,1.3999853134155273,1.8944354057312012,0,0.0,1.3749892711639404,0.499996709974128,0.005235958467032617,1,1
7,0,30,-2.2470500469207764,1.4506596326828003,1.5666232109069824,3,0,0,1,0.0,0,0,0,1,9.0685506996768,7.404453277587891,1.3511133193969727,1.5647401809692383,0,0.0,1.3533709049224854,0.4922749036605466,0.27738276968061254,0,0
7,0,30,-2.2470500469207764,1.4506596326828003,1.5666232109069824,3,0,0,1,0.0,0,0,0,2,9.0685506996768,7.399585723876953,1.3498964309692383,1.564458966255188,0,0.0,1.352891445159912,0.4921037149869568,0.2804074968653456,0,0
7,0,40,-2.246227264404297,1.686084270477295,1.5701748132705688,3,0,0,1,0.0,0,0,0,0,8.299999999999999,7.599966049194336,1.399991512298584,1.894463300704956,0,0.0,1.3749946355819702,0.49999737400721955,0.004982434707413459,1,1
7,0,40,-2.246227264404297,1.686084270477295,1.5701748132705688,3,0,0,1,0.0,0,0,0,1,8.82182489730488,7.4066009521484375,1.3516502380371094,1.5883593559265137,0,0.0,1.35304856300354,0.49215967578607894,0.27476721631453266,0,0
7,0,40,-2.246227264404297,1.686084270477295,1.5701748132705688,3,0,0,1,0.0,0,0,0,2,8.82182489730488,7.404384613037109,1.3510961532592773,1.5646584033966064,0,0.0,1.3525645732879639,0.4919864273430684,0.2781279957746573,0,0
7,0,50,-2.2476887702941895,1.9204412698745728,1.5816634893417358,3,0,0,1,0.0,0,0,0,0,8.099999999999998,7.599849700927734,1.3999624252319336,1.894751787185669,0,0.0,1.3749923706054688,0.49999812717504355,0.004425144772353072,1,1
7,0,50,-2.2476887702941895,1.9204412698745728,1.5816634893417358,3,0,0,1,0.0,0,0,0,1,8.624633442061722,7.384784698486328,1.346196174621582,1.5644280910491943,0,0.0,1.3520324230194092,0.49179730533045063,0.28288648628505453,0,0
7,0,50,-2.2476887702941895,1.9204412698745728,1.5816634893417358,3,0,0,1,0.0,0,0,0,2,8.624633442061722,7.392740249633789,1.3481850624084473,1.564941167831421,0,0.0,1.352027416229248,0.49179538715263676,0.28308186437375177,0,0
7,0,60,-2.2507882118225098,2.1551640033721924,1.582728385925293,3,0,0,1,0.0,0,0,0,0,7.849999999999999,7.599834442138672,1.399958610534668,1.8943061828613281,0,0.0,1.3749865293502808,0.4999941586276453,0.0066773663240487545,1,1
7,0,60,-2.2507882118225098,2.1551640033721924,1.582728385925293,3,0,0,1,0.0,0,0,0,1,8.378408067339434,7.393766403198242,1.3484416007995605,1.564521074295044,0,0.0,1.3528152704238892,0.49207578520995027,0.2827189184155068,0,0
7,0,60,-2.2507882118225098,2.1551640033721924,1.582728385925293,3,0,0,1,0.0,0,0,0,2,8.378408067339434,7.404003143310547,1.3510007858276367,1.5648086071014404,0,0.0,1.353214979171753,0.49221821478576216,0.28029388636305985,0,0
7,0,70,-2.2525317668914795,2.391216993331909,1.5754755735397339,3,0,0,1,0.0,0,0,0,0,7.599999999999999,7.599943161010742,1.3999857902526855,1.894468903541565,0,0.0,1.374990463256836,0.49999681577911137,0.005152489321386776,1,1
7,0,70,-2.2525317668914795,2.391216993331909,1.5754755735397339,3,0,0,1,0.0,0,0,0,1,8.132511449126646,7.398639678955078,1.3496599197387695,1.564644455909729,0,0.0,1.3522566556930542,0.4918769838695526,0.27877045571122616,0,0
7,0,70,-2.2525317668914795,2.391216993331909,1.5754755735397339,3,0,0,1,0.0,0,0,0,2,8.132511449126646,7.403833389282227,1.3509583473205566,1.5883911848068237,0,0.0,1.3527010679244995,0.4920355278855138,0.2761077575286966,0,0
7,0,80,-2.2537784576416016,2.6261343955993652,1.575737476348877,3,0,0,1,0.0,0,0,0,0,7.349999999999999,7.599922180175781,1.3999805450439453,1.7956374883651733,0,0.0,1.374985933303833,0.4999949066382432,0.00662012740736751,1,1
7,0,80,-2.2537784576416016,2.6261343955993652,1.575737476348877,3,0,0,1,0.0,0,0,0,1,7.886988069905341,7.407308578491211,1.3518271446228027,1.5644663572311401,0,0.0,1.3529632091522217,0.4921293076512657,0.27756586676902983,0,0
7,0,80,-2.2537784576416016,2.6261343955993652,1.575737476348877,3,0,0,1,0.0,0,0,0,2,7.886988069905341,7.413112640380859,1.3532781600952148,1.5884448289871216,0,0.0,1.353538155555725,0.49233448603596036,0.27393352096570367,0,0
7,0,90,-2.25461745262146,2.8628933429718018,1.5749727487564087,3,0,0,1,0.0,0,0,0,0,7.1371066629886615,7.599918365478516,1.399979591369629,1.6451622247695923,0,0.0,1.3749849796295166,0.49999335157999825,0.007648036416587738,1,1
7,0,90,-2.25461745262146,2.8628933429718018,1.5749727487564087,3,0,0,1,0.0,0,0,0,1,7.678240449430755,7.3915557861328125,1.3478889465332031,1.4932609796524048,0,0.0,1.3514708280563354,0.49159563667185846,0.28397766056457285,0,0
7,0,90,-2.25461745262146,2.8628933429718018,1.5749727487564087,3,0,0,1,0.0,0,0,0,2,7.678240449430755,7.397695541381836,1.349423885345459,1.5574828386306763,0,0.0,1.3521738052368164,0.491846635663505,0.2797823381499823,0,0
7,0,100,-2.2545323371887207,3.0966711044311523,1.565800428390503,3,0,0,1,0.0,0,0,0,0,6.903328901529311,7.599941253662109,1.3999853134155273,1.4707928895950317,0,0.0,1.3749983310699463,0.4999982624476207,0.004630259009297997,1,1
7,0,100,-2.2545323371887207,3.0966711044311523,1.565800428390503,3,0,0,1,0.0,0,0,0,1,7.449416669100316,7.402162551879883,1.3505406379699707,1.3899097442626953,0,0.0,1.3532047271728516,0.49221590376011054,0.27962097053330814,0,0
7,0,100,-2.2545323371887207,3.0966711044311523,1.565800428390503,3,0,0,1,0.0,0,0,0,2,7.449416669100316,7.400545120239258,1.3501362800598145,1.4728130102157593,0,0.0,1.3536549806594849,0.4923766327848168,0.2763995130605043,0,0
7,0,110,-2.252577781677246,3.331584930419922,1.5612099170684814,3,0,0,1,0.0,0,0,0,0,6.668415045738219,7.5998687744140625,1.3999671936035156,1.2459132671356201,0,0.0,1.3749926090240479,0.49999872769208015,0.003786422350305316,1,1
7,0,110,-2.252577781677246,3.331584930419922,1.5612099170684814,3,0,0,1,0.0,0,0,0,1,7.219963324895867,7.40418815612793,1.3510470390319824,1.2156540155410767,0,0.0,1.3533885478973389,0.4922818886382179,0.2786007878850478,0,0
7,0,110,-2.252577781677246,3.331584930419922,1.5612099170684814,3,0,0,1,0.0,0,0,0,2,7.219963324895867,7.397531509399414,1.3493828773498535,1.2573977708816528,0,0.0,1.353470802307129,0.49231113462005943,0.27781084515025817,0,0
7,0,120,-2.2494547367095947,3.566757917404175,1.5513126850128174,3,0,0,1,0.0,0,0,0,0,6.433242058753966,7.594573974609375,1.399885654449463,0.9975155591964722,0,0.0,1.3749686479568481,0.4999860654380686,0.010409131443451113,1,1
7,0,120,-2.2494547367095947,3.566757917404175,1.5513126850128174,3,0,0,1,0.0,0,0,0,1,6.990814400658598,7.401611328125,1.3521389961242676,0.9965275526046753,0,0.0,1.3536912202835083,0.49238745896497116,0.2820655782503097,0,0
7,0,120,-2.2494547367095947,3.566757917404175,1.5513126850128174,3,0,0,1,0.0,0,0,0,2,6.990814400658598,7.391578674316406,1.3478946685791016,1.0453765392303467,0,0.0,1.3531160354614258,0.4921820582226301,0.28554662960452537,0,0
7,0,130,-2.2428245544433594,3.80279541015625,1.5402685403823853,3,0,0,1,0.0,0,0,0,0,6.218248811275597,7.144905090332031,1.399660587310791,0.7731314301490784,0,0.0,1.3748483657836914,0.49993537771488394,0.02240664412911289,1,1
7,0,130,-2.2428245544433594,3.80279541015625,1.5402685403823853,3,0,0,1,0.0,0,0,0,1,6.698124572755891,7.074613571166992,1.3668169975280762,0.8036727905273438,0,0.0,1.3554342985153198,0.4930017481328087,0.25589651742598735,0,0
7,0,130,-2.2428245544433594,3.80279541015625,1.5402685403823853,3,0,0,1,0.0,0,0,0,2,6.794589420430759,7.039333343505859,1.338350772857666,0.8429650664329529,0,0.0,1.3505264520645142,0.49124861283591276,0.3061576315038778,0,0
7,0,140,-2.2354509830474854,4.038379192352295,1.5361772775650024,3,0,2,0,0.16640090942382812,0,0,0,0,6.0044457187189595,6.646459102630615,1.3994293212890625,0.5243708491325378,0,0.0,1.3746753931045532,0.49986137427911786,0.03257475666984305,1,0
7,0,140,-2.2354509830474854,4.038379192352295,1.5361772775650024,3,0,2,0,0.16640090942382812,0,0,0,1,6.6015048948268245,6.707564830780029,1.332655429840088,0.6884716153144836,0,0.0,1.3511326313018799,0.4914532509060939,0.3212400252733854,0,0
7,0,140,-2.2354509830474854,4.038379192352295,1.5361772775650024,3,0,2,0,0.16640090942382812,0,0,0,2,6.848011498967367,6.812860012054443,1.2693634033203125,0.8677032589912415,0,0.0,1.3544284105300903,0.4926403560453932,0.291731926564538,0,1
7,0,150,-2.2244508266448975,4.273383617401123,1.5146949291229248,3,0,1,0,0.221466064453125,0,0,0,0,5.771417812444103,6.221152305603027,1.398270606994629,0.3140348196029663,0,0.0,1.3748807907104492,0.4999572676248114,0.02306376496459125,1,0
7,0,150,-2.2244508266448975,4.273383617401123,1.5146949291229248,3,0,1,0,0.221466064453125,0,0,0,1,6.391402363284994,6.442618370056152,1.3294739723205566,0.5623612999916077,0,0.0,1.3543165922164917,0.4926125801739527,0.29144742495623827,0,1
7,0,150,-2.2244508266448975,4.273383617401123,1.5146949291229248,3,0,1,0,0.221466064453125,0,0,0,2,6.3948824008607525,6.043260097503662,1.3342714309692383,0.3530871868133545,0,0.0,1.35097336769104,0.49141880542895083,0.3183114899964438,0,0
7,0,160,-2.208041191101074,4.5072832107543945,1.4893252849578857,3,0,1,0,0.39058685302734375,0,0,0,0,5.537773563433612,5.819709777832031,1.380312442779541,0.1492299735546112,0,0.0,1.3576784133911133,0.49379654215347585,0.03640806004370388,1,0
7,0,160,-2.208041191101074,4.5072832107543945,1.4893252849578857,3,0,1,0,0.39058685302734375,0,0,0,1,6.16945680590384,6.210296630859375,1.323148250579834,0.4588518738746643,0,0.0,1.352357268333435,0.4918960430250445,0.3200750635359502,0,1
7,0,160,-2.208041191101074,4.5072832107543945,1.4893252849578857,3,0,1,0,0.39058685302734375,0,0,0,2,6.2424379038025455,5.587957382202148,1.3206806182861328,0.15261736512184143,0,0.0,1.3495484590530396,0.49089292148217883,0.32832794254060055,0,0
7,0,170,-2.186708688735962,4.740461826324463,1.46860933303833,3,0,1,0,0.5984835624694824,0,0,0,0,5.3048911242148336,5.351669788360596,1.2892587184906006,0.0973174050450325,0,0.0,1.2672628164291382,0.4614406253112003,0.08180924482150946,1,0
7,0,170,-2.186708688735962,4.740461826324463,1.46860933303833,3,0,1,0,0.5984835624694824,0,0,0,1,5.949757424796043,5.950153350830078,1.3162617683410645,0.34255316853523254,0,0.0,1.3492114543914795,0.4907081152341786,0.3535957495663434,0,1
7,0,170,-2.186708688735962,4.740461826324463,1.46860933303833,3,0,1,0,0.5984835624694824,0,0,0,2,6.1363865452952915,-15.005169868469238,1.2526030540466309,-0.007790989242494106,1,0.0,1.3031044006347656,0.47402470190578727,0.3447145014020598,0,0
7,0,180,-2.1595957279205322,4.9728779792785645,1.438849925994873,3,0,1,0,0.46759462356567383,0,0,0,0,5.052194437748832,4.99183988571167,1.1796884536743164,0.13654303550720215,0,0.0,1.1608448028564453,0.4234640396280228,0.08219604800812377,1,0
7,0,180,-2.1595957279205322,4.9728779792785645,1.438849925994873,3,0,1,0,0.46759462356567383,0,0,0,1,5.7119316350836336,5.459434509277344,1.2443208694458008,0.2410755157470703,0,0.0,1.2712574005126953,0.46289706178416606,0.3376209537892326,0,1
7,0,180,-2.1595957279205322,4.9728779792785645,1.438849925994873,3,0,1,0,0.46759462356567383,0,0,0,2,6.021437690205501,-15.80133056640625,1.0997977256774902,-0.10026069730520248,1,0.0,1.1968742609024048,0.4348422263883625,0.45259421453209836,0,0
7,0,190,-2.1243093013763428,5.203677654266357,1.4056113958358765,3,0,1,0,0.17058658599853516,0,0,0,0,4.801112289452483,4.6247172355651855,1.0650181770324707,0.18232226371765137,0,0.0,1.0500985383987427,0.3839142643514503,0.06832705255689439,1,0
7,0,190,-2.1243093013763428,5.203677654266357,1.4056113958358765,3,0,1,0,0.17058658599853516,0,0,0,1,5.481970611587025,4.795303821563721,1.098517656326294,0.20061662793159485,0,0.0,1.10600745677948,0.4038819326856096,0.28062705215036515,0,1
7,0,190,-2.1243093013763428,5.203677654266357,1.4056113958358765,3,0,1,0,0.17058658599853516,0,0,0,2,5.936200706193793,-16.628564834594727,0.8708705902099609,-0.05602370202541351,1,0.0,1.0690616369247437,0.3892661468299873,0.8323241144702914,0,0
7,0,200,-2.08223032951355,5.431735038757324,1.3758554458618164,3,0,1,0,0.08058738708496094,0,0,0,0,4.57356936549184,4.081697463989258,0.9186432361602783,0.2035621553659439,0,0.0,0.9038483500480652,0.33147726282822887,0.11205376034699525,1,0
7,0,200,-2.08223032951355,5.431735038757324,1.3758554458618164,3,0,1,0,0.08058738708496094,0,0,0,1,5.269705607899916,4.162284851074219,0.9419150352478027,0.19731225073337555,0,0.0,0.9416510462760925,0.3449780064775882,0.2941459676439044,0,1
7,0,200,-2.08223032951355,5.431735038757324,1.3758554458618164,3,0,1,0,0.08058738708496094,0,0,0,2,5.861400766095684,-17.78351593017578,0.6135828495025635,-0.04749520868062973,1,0.0714285746216774,0.9522071480751038,0.347336800401203,1.0123865366005753,0,0
7,0,210,-2.0356569290161133,5.6551833152771,1.3539516925811768,3,0,2,0,0.023774385452270508,0,0,0,0,4.355342654251955,3.914578437805176,0.8556146621704102,0.24605995416641235,0,0.0,0.844131588935852,0.3101210829738176,0.12128937113073678,1,0
7,0,210,-2.0356569290161133,5.6551833152771,1.3539516925811768,3,0,2,0,0.023774385452270508,0,0,0,1,5.055797987911141,3.914578437805176,0.8556146621704102,0.24605995416641235,0,0.0,0.844131588935852,0.3101210829738176,0.12128937113073678,0,0
7,0,210,-2.0356569290161133,5.6551833152771,1.3539516925811768,3,0,2,0,0.023774385452270508,0,0,0,2,5.09211556446396,3.9383528232574463,0.8625082969665527,0.24415983259677887,0,0.0,0.8600790500640869,0.3158157326962912,0.25870345487102336,0,1
7,0,220,-1.982922077178955,5.878695011138916,1.3299212455749512,3,0,0,1,0.0,0,0,0,0,4.139899607837128,3.9777069091796875,0.8525009155273438,0.28385162353515625,0,0.0,0.844952404499054,0.31034145072318636,0.13439984953758696,1,1
7,0,220,-1.982922077178955,5.878695011138916,1.3299212455749512,3,0,0,1,0.0,0,0,0,1,4.6298936892000935,3.9738688468933105,0.8514151573181152,0.2841041088104248,0,0.0,0.8429337739944458,0.30962068629013395,0.1644971205266431,0,0
7,0,220,-1.982922077178955,5.878695011138916,1.3299212455749512,3,0,0,1,0.0,0,0,0,2,4.922882290856295,3.891812801361084,0.8545999526977539,0.23670651018619537,0,0.0,0.8555935621261597,0.31414196228038177,0.257751365994003,0,0
7,0,230,-1.9270012378692627,6.102508544921875,1.3220924139022827,3,0,0,1,0.0,0,0,0,0,3.9282529514975693,4.579110622406006,0.9834442138671875,0.32266679406166077,0,0.0,0.9847747683525085,0.3590630543160662,0.1439294116311745,1,1
7,0,230,-1.9270012378692627,6.102508544921875,1.3220924139022827,3,0,0,1,0.0,0,0,0,1,4.514876085645552,4.3634467124938965,0.9295282363891602,0.32266679406166077,0,0.0,0.9227287173271179,0.3369041058672488,0.2869236377502213,0,0
7,0,230,-1.9270012378692627,6.102508544921875,1.3220924139022827,3,0,0,1,0.0,0,0,0,2,4.773094913533367,4.451943874359131,0.9816570281982422,0.26265791058540344,0,0.0,0.9951010942459106,0.3627511897145667,0.28320965031760137,0,0
7,0,240,-1.8694114685058594,6.325150012969971,1.3116892576217651,3,0,0,1,0.0,0,0,0,0,3.738509885235291,5.633873462677002,1.2375233173370361,0.3418900668621063,0,0.0,1.2661949396133423,0.4596233687416052,0.11390225265736978,1,1
7,0,240,-1.8694114685058594,6.325150012969971,1.3116892576217651,3,0,0,1,0.0,0,0,0,1,4.510782891634637,4.321113586425781,0.9101154804229736,0.34032589197158813,0,0.0,0.9088284373283386,0.3319915403772283,0.3795821593954538,0,0
7,0,240,-1.8694114685058594,6.325150012969971,1.3116892576217651,3,0,0,1,0.0,0,0,0,2,5.98415562305793,-19.597169876098633,0.1969602108001709,-0.04964757338166237,1,0.1428571492433548,0.4119051396846771,0.15451926212198228,0.9160608854131631,0,0
7,0,250,-1.8095793724060059,6.546487808227539,1.3079029321670532,3,0,0,1,0.0,0,0,0,0,3.602025510293813,5.922638416290283,1.3066706657409668,0.347977876663208,0,0.0,1.3539484739303589,0.4911277852200612,0.13529635098632584,1,1
7,0,250,-1.8095793724060059,6.546487808227539,1.3079029321670532,3,0,0,1,0.0,0,0,0,1,4.2673007527563955,5.786351680755615,1.2725989818572998,0.347977876663208,0,0.0,1.3372410535812378,0.48516119980194977,0.2933986939394078,0,0
7,0,250,-1.8095793724060059,6.546487808227539,1.3079029321670532,3,0,0,1,0.0,0,0,0,2,4.43332946215049,4.356696128845215,0.9150433540344238,0.348261296749115,0,0.0,0.9184168577194214,0.3352334201077172,0.4140400042585526,0,0
7,0,260,-1.7516950368881226,6.771824359893799,1.3319065570831299,3,0,0,1,0.0,0,0,0,0,3.5548151471633695,5.887842655181885,1.2964690923690796,0.3509831130504608,0,0.0,1.354023814201355,0.49225450215851463,0.12247430544813888,1,1
7,0,260,-1.7516950368881226,6.771824359893799,1.3319065570831299,3,0,0,1,0.0,0,0,0,1,4.377518363391287,3.9772815704345703,0.8167853355407715,0.3550701439380646,0,0.0,0.8469462394714355,0.30984235277570266,0.5149109808402267,0,0
7,0,260,-1.7516950368881226,6.771824359893799,1.3319065570831299,3,0,0,1,0.0,0,0,0,2,5.08058827110451,3.5725412368774414,0.7156002521514893,0.3550701439380646,0,0.0,0.7610663175582886,0.27917136208410087,0.6384383905311789,0,0
7,0,270,-1.70245361328125,6.998139381408691,1.3773356676101685,3,0,0,1,0.0,0,0,0,0,3.424683348925812,5.928301811218262,1.2691255807876587,0.4258996546268463,0,0.0,1.3317852020263672,0.48439920596258756,0.09782756206145692,1,1
7,0,270,-1.70245361328125,6.998139381408691,1.3773356676101685,3,0,0,1,0.0,0,0,0,1,4.388750870344022,3.154589891433716,0.6372044086456299,0.33860039710998535,0,0.0357142873108387,0.7513986229896545,0.2757071243632007,0.8092086601257825,0,0
7,0,270,-1.70245361328125,6.998139381408691,1.3773356676101685,3,0,0,1,0.0,0,0,0,2,5.105497637445891,2.494783878326416,0.5228629112243652,0.2552375793457031,0,0.0535714328289032,0.6818060278892517,0.25085273912322487,0.9672497034995626,0,0
7,0,280,-1.663074016571045,7.230968475341797,1.4213955402374268,3,0,0,1,0.0,0,0,0,0,3.2862947009904144,5.5310564041137695,1.2483001947402954,0.26892778277397156,0,0.0,1.319639801979065,0.4801292714777639,0.07490599951582186,1,1
7,0,280,-1.663074016571045,7.230968475341797,1.4213955402374268,3,0,0,1,0.0,0,0,0,1,4.338216284395459,2.511720657348633,0.5858538150787354,0.1377241313457489,0,0.0535714328289032,0.7964310050010681,0.29195524132611694,0.944308663293241,0,0
7,0,280,-1.663074016571045,7.230968475341797,1.4213955402374268,3,0,0,1,0.0,0,0,0,2,5.0330350155979495,2.3996095657348633,0.5495247840881348,0.15432673692703247,0,0.0535714328289032,0.7819390892982483,0.2867796399840934,0.8974055005633522,0,0
48,0,0,-2.25,1.0,1.5707963267948966,3,0,0,1,0.0,0,0,0,0,9.0,7.150001525878906,1.2875003814697266,1.8949999809265137,0,0.0,1.2850003242492676,0.45982142857142855,0.0,1,1
48,0,0,-2.25,1.0,1.5707963267948966,3,0,0,1,0.0,0,0,0,1,9.513236186146589,6.992805480957031,1.2482013702392578,1.6120399236679077,0,0.0,1.2636055946350098,0.45218076037786004,0.2523747889156115,0,0
48,0,0,-2.25,1.0,1.5707963267948966,3,0,0,1,0.0,0,0,0,2,9.513236186146589,6.992805480957031,1.2482013702392578,1.6120399236679077,0,0.0,1.2636055946350098,0.45218076037786004,0.25237478891561166,0,0
48,0,10,-2.2493691444396973,1.0683510303497314,1.5572539567947388,3,0,0,1,0.0,0,0,0,0,8.95,7.467267990112305,1.3668169975280762,1.8945108652114868,0,0.0,1.3534741401672363,0.4881587320359878,0.007073459404834525,1,1
48,0,10,-2.2493691444396973,1.0683510303497314,1.5572539567947388,3,0,0,1,0.0,0,0,0,1,9.463793281809847,7.285696029663086,1.3214240074157715,1.5892372131347656,0,0.0,1.3329665660858154,0.48083440650032705,0.2759820275548221,0,0
48,0,10,-2.2493691444396973,1.0683510303497314,1.5572539567947388,3,0,0,1,0.0,0,0,0,2,9.463793281809847,7.275457382202148,1.318864345550537,1.5645002126693726,0,0.0,1.3325837850570679,0.48069775594556,0.27808929979988783,0,0
48,0,20,-2.247762680053711,1.2233102321624756,1.5650391578674316,3,0,0,1,0.0,0,0,0,0,8.799999999999999,7.587762832641602,1.3969407081604004,1.894482970237732,0,0.0,1.3747185468673706,0.4989092929293397,0.005269078761768749,1,1
48,0,20,-2.247762680053711,1.2233102321624756,1.5650391578674316,3,0,0,1,0.0,0,0,0,1,9.31551287810118,7.387655258178711,1.3469138145446777,1.5646470785140991,0,0.0,1.3535209894180298,0.4913382612790332,0.2801105553387825,0,0
48,0,20,-2.247762680053711,1.2233102321624756,1.5650391578674316,3,0,0,1,0.0,0,0,0,2,9.31551287810118,7.381641387939453,1.3454103469848633,1.5646183490753174,0,0.0,1.3530724048614502,0.49117807682171033,0.28305902444730807,0,0
48,0,30,-2.2470500469207764,1.4506596326828003,1.5666232109069824,3,0,0,1,0.0,0,0,0,0,8.549999999999999,7.599941253662109,1.3999853134155273,1.7706525325775146,0,0.0,1.3749892711639404,0.499996709974128,0.005235958467032617,1,1
48,0,30,-2.2470500469207764,1.4506596326828003,1.5666232109069824,3,0,0,1,0.0,0,0,0,1,9.0685506996768,7.404453277587891,1.3511133193969727,1.5647401809692383,0,0.0,1.3533709049224854,0.4922749036605466,0.27738276968061254,0,0
48,0,30,-2.2470500469207764,1.4506596326828003,1.5666232109069824,3,0,0,1,0.0,0,0,0,2,9.0685506996768,7.399585723876953,1.3498964309692383,1.564458966255188,0,0.0,1.352891445159912,0.4921037149869568,0.2804074968653456,0,0
48,0,40,-2.246227264404297,1.686084270477295,1.5701748132705688,3,0,0,1,0.0,0,0,0,0,8.299999999999999,7.599966049194336,1.399991512298584,1.5457488298416138,0,0.0,1.3749946355819702,0.49999737400721955,0.004982434707413459,1,1
48,0,40,-2.246227264404297,1.686084270477295,1.5701748132705688,3,0,0,1,0.0,0,0,0,1,8.82182489730488,7.4066009521484375,1.3516502380371094,1.4992387294769287,0,0.0,1.35304856300354,0.49215967578607894,0.27476721631453266,0,0
48,0,40,-2.246227264404297,1.686084270477295,1.5701748132705688,3,0,0,1,0.0,0,0,0,2,8.82182489730488,7.404384613037109,1.3510961532592773,1.5131192207336426,0,0.0,1.3525645732879639,0.4919864273430684,0.2781279957746573,0,0
48,0,50,-2.2476887702941895,1.9204412698745728,1.5816634893417358,3,0,0,1,0.0,0,0,0,0,8.099999999999998,7.599849700927734,1.3999624252319336,1.2958756685256958,0,0.0,1.3749923706054688,0.49999812717504355,0.004425144772353072,1,1
48,0,50,-2.2476887702941895,1.9204412698745728,1.5816634893417358,3,0,0,1,0.0,0,0,0,1,8.624633442061722,7.384784698486328,1.346196174621582,1.2482233047485352,0,0.0,1.3520324230194092,0.49179730533045063,0.28288648628505453,0,0
48,0,50,-2.2476887702941895,1.9204412698745728,1.5816634893417358,3,0,0,1,0.0,0,0,0,2,8.624633442061722,7.392740249633789,1.3481850624084473,1.2676657438278198,0,0.0,1.352027416229248,0.49179538715263676,0.28308186437375177,0,0
48,0,60,-2.250706911087036,2.1552555561065674,1.5813617706298828,3,0,0,1,0.0,0,0,0,0,7.849999999999999,7.59986686706543,1.3999667167663574,1.0710431337356567,0,0.0,1.37498939037323,0.4999954064296422,0.0059213049842419254,1,1
48,0,60,-2.250706911087036,2.1552555561065674,1.5813617706298828,3,0,0,1,0.0,0,0,0,1,8.378408067339434,7.394321441650391,1.3485803604125977,1.0283006429672241,0,0.0,1.3528343439102173,0.49208285799111184,0.28199192116641625,0,0
48,0,60,-2.250706911087036,2.1552555561065674,1.5813617706298828,3,0,0,1,0.0,0,0,0,2,8.378408067339434,7.403387069702148,1.350846767425537,1.04793119430542,0,0.0,1.353187918663025,0.49220933123650923,0.2798370632066856,0,0
48,0,70,-2.250460624694824,2.3908638954162598,1.556835412979126,3,0,0,1,0.0,0,0,0,0,7.642382805815646,7.2424235343933105,1.3999433517456055,0.8213250637054443,0,0.0,1.3749860525131226,0.49999427303882055,0.00678010644318351,1,1
48,0,70,-2.250460624694824,2.3908638954162598,1.556835412979126,3,0,0,1,0.0,0,0,0,1,8.193206623551383,6.9804887771606445,1.343320369720459,0.8036037087440491,0,0.0,1.3536865711212158,0.49238745470987244,0.2912954306428835,0,0
48,0,70,-2.250460624694824,2.3908638954162598,1.556835412979126,3,0,0,1,0.0,0,0,0,2,8.193206623551383,7.056051731109619,1.3399968147277832,0.8480322957038879,0,0.0,1.3534350395202637,0.4922976560642319,0.29268064113935155,0,0
48,0,80,-2.2453410625457764,2.625200033187866,1.5436041355133057,3,0,0,1,0.0,0,0,0,0,7.507088929659729,6.796913146972656,1.3997578620910645,0.5989407300949097,0,0.0,1.3749018907546997,0.4999584296772927,0.018012675685139062,1,1
48,0,80,-2.2453410625457764,2.625200033187866,1.5436041355133057,3,0,0,1,0.0,0,0,0,1,7.886988069905341,6.5747480392456055,1.3550004959106445,0.5773729681968689,0,0.0,1.353437900543213,0.4922930925739933,0.2817831992525271,0,0
48,0,80,-2.2453410625457764,2.625200033187866,1.5436041355133057,3,0,0,1,0.0,0,0,0,2,7.886988069905341,6.607081413269043,1.3491106033325195,0.6053195595741272,0,0.0,1.3522002696990967,0.4918510680198575,0.28935984593189396,0,0
48,0,90,-2.2402567863464355,2.860121250152588,1.5665940046310425,3,0,2,0,0.10143136978149414,0,0,0,0,7.534348203683573,6.25442361831665,1.3758955001831055,0.37542083859443665,0,0.0,1.3570388555526733,0.4935819026792368,0.20388077682591507,1,0
48,0,90,-2.2402567863464355,2.860121250152588,1.5665940046310425,3,0,2,0,0.10143136978149414,0,0,0,1,7.680956419615809,6.182011127471924,1.347524642944336,0.39595621824264526,0,0.0,1.3511683940887451,0.4914851277726851,0.290394350330167,0,0
48,0,90,-2.2402567863464355,2.860121250152588,1.5665940046310425,3,0,2,0,0.10143136978149414,0,0,0,2,7.9019020256207835,6.3558549880981445,1.2883296012878418,0.6012682914733887,0,0.0,1.3503825664520264,0.4912044793325085,0.3134625124990934,0,1
48,0,100,-2.2435572147369385,3.088960886001587,1.60858952999115,3,0,1,0,0.24212980270385742,0,0,0,0,7.367288851734257,5.676828861236572,1.3396949768066406,0.15902452170848846,0,0.0,1.3408558368682861,0.48766940477764986,0.2904164113793014,1,0
48,0,100,-2.2435572147369385,3.088960886001587,1.60858952999115,3,0,1,0,0.24212980270385742,0,0,0,1,7.583860105926188,5.91895866394043,1.3248791694641113,0.3097209334373474,0,0.0,1.3509498834609985,0.4912745175247732,0.31861512197966413,0,1
48,0,100,-2.2435572147369385,3.088960886001587,1.60858952999115,3,0,1,0,0.24212980270385742,0,0,0,2,7.8183668627214455,5.301340103149414,1.24031400680542,0.1700419932603836,0,0.0,1.3489298820495605,0.4900438286648405,0.30319924099215584,0,0
48,0,110,-2.270110607147217,3.3175344467163086,1.762152910232544,2,0,1,0,20.66218614578247,1,0,1,0,7.1428018772738024,-15.155252456665039,1.2141613960266113,-0.005949162878096104,1,0.0,1.254964828491211,0.4568711843940836,0.45100418918916807,1,0
48,0,110,-2.270110607147217,3.3175344467163086,1.762152910232544,2,0,1,0,20.66218614578247,1,0,1,1,7.394481721105466,5.506933689117432,1.2752742767333984,0.2029183804988861,0,0.0,1.313879370689392,0.47791185108728407,0.41811274336270543,0,1
48,0,120,-2.3336551189422607,3.540543794631958,1.9199235439300537,2,0,1,0,20.5955171585083,1,0,1,0,6.882759194970927,-15.885704040527344,1.040189266204834,-0.023230383172631264,1,0.0,1.1145809888839722,0.4065724045575713,0.4516731259095031,1,0
48,0,120,-2.3336551189422607,3.540543794631958,1.9199235439300537,2,0,1,0,20.5955171585083,1,0,1,1,7.2536905818330855,4.709813117980957,1.1042418479919434,0.14642293751239777,0,0.0,1.162894368171692,0.4225106661930526,0.5463319764392217,0,1
48,0,130,-2.429699420928955,3.7483508586883545,2.0693740844726562,2,0,0,1,0.0,0,0,0,0,6.6391786470702385,3.4593138694763184,0.849968433380127,0.029720071703195572,0,0.0,0.9523482918739319,0.34817222539455644,0.49247399269466363,1,1
48,0,130,-2.429699420928955,3.7483508586883545,2.0693740844726562,2,0,0,1,0.0,0,0,0,1,7.177530995867592,3.407074451446533,0.7796201705932617,0.2514397203922272,0,0.1071428656578064,0.9234924912452698,0.33699313194027664,0.9126705442524194,0,0
48,0,140,-2.5532028675079346,3.9397003650665283,2.1943557262420654,2,0,0,1,0.0,0,0,0,0,6.431245404578223,2.8975067138671875,0.6890759468078613,0.0706014335155487,0,0.0,0.8175065517425537,0.29939913194627493,0.40351705975711655,1,1
48,0,140,-2.5532028675079346,3.9397003650665283,2.1943557262420654,2,0,0,1,0.0,0,0,0,1,7.202982319575735,2.500762462615967,0.574958324432373,0.2790359854698181,0,0.1785714328289032,0.8283401727676392,0.3032691646818653,1.0812314715110445,0,0
48,0,150,-2.6926493644714355,4.119681358337402,2.244546890258789,3,0,0,1,0.0,0,0,0,0,6.20448941633475,2.548313617706299,0.5818333625793457,0.1104901134967804,0,0.0,0.7075337767601013,0.25976959786013903,0.286205136215147,1,1
48,0,150,-2.6926493644714355,4.119681358337402,2.244546890258789,3,0,0,1,0.0,0,0,0,1,7.287319460291712,2.268709182739258,0.583336353302002,0.1283961981534958,0,0.1607142984867096,0.8850836753845215,0.32317781052424793,1.023432561055955,0,0
48,0,150,-2.6926493644714355,4.119681358337402,2.244546890258789,3,0,0,1,0.0,0,0,0,2,9.160981443665479,2.285923719406128,0.5768723487854004,0.14993146061897278,0,0.1607142984867096,0.9003674387931824,0.32863661359331936,0.9253591726086585,0,0
48,0,160,-2.833355665206909,4.304980754852295,2.1958649158477783,3,0,0,1,0.0,0,0,0,0,5.962109851398398,2.236326217651367,0.4949321746826172,0.12829871475696564,0,0.0,0.5771271586418152,0.21356845211310335,0.19820802982496946,1,1
48,0,160,-2.833355665206909,4.304980754852295,2.1958649158477783,3,0,0,1,0.0,0,0,0,1,7.337335409693226,-18.357051849365234,0.47614240646362305,-0.0058103036135435104,1,0.125,0.7403281927108765,0.2716963856186389,0.9037056772350572,0,0
48,0,160,-2.833355665206909,4.304980754852295,2.1958649158477783,3,0,0,1,0.0,0,0,0,2,8.199794788096604,-18.357051849365234,0.47614240646362305,-0.0058103036135435104,1,0.125,0.7403281927108765,0.2716963856186389,0.9037056772350572,0,0
48,0,170,-2.9630658626556396,4.492237091064453,2.166836738586426,2,0,0,1,0.0,0,0,0,0,5.739248980555606,2.0705511569976807,0.44001293182373047,0.155249685049057,0,0.0,0.5004441738128662,0.18528344267598523,0.17206395246439318,1,1
48,0,170,-2.9630658626556396,4.492237091064453,2.166836738586426,2,0,0,1,0.0,0,0,0,1,7.366741381367838,-19.2965087890625,0.2962832450866699,-0.09796318411827087,1,0.1428571492433548,0.43701550364494324,0.16263121194826982,0.8642632650002223,0,0
48,0,180,-3.0721211433410645,4.675888538360596,2.0358943939208984,2,0,0,1,0.0,0,0,0,0,5.520773557702512,1.9110960960388184,0.4041099548339844,0.14732816815376282,0,0.0,0.4260594844818115,0.16003187255939474,0.15449156809875103,1,1
48,0,180,-3.0721211433410645,4.675888538360596,2.0358943939208984,2,0,0,1,0.0,0,0,0,1,7.397710561832449,-19.439062118530273,0.22758960723876953,-0.0854244977235794,1,0.0892857164144516,0.29914015531539917,0.11470358262253606,0.8419831477472223,0,0
